ID,TM_Avg_VEG,TA_Avg_VEG,DR_Avg_VEG,SR_Accu_VEG,P_10_Freq_VEG,TA_Avg_CF,SR_Accu_CF,P_Accu_CF,RH_Avg_CF,SR_Accu_MAT,P_10_Freq_MAT,RH_Avg_MAT
537,24.3625,28.42142274,8.117845476,14804.75763,0.075,28.1508434,24163.0193,305.1,80.24137931,13197.5729,0.230769231,82.41025641
543,24.2525,28.15247209,7.799944171,14546.30944,0.125,28.29144936,24396.63982,271.2,80.51724138,12436.48772,0.257142857,81.85714286
53,24.3575,28.43854347,8.162086934,14905.91953,0.075,28.15829645,24005.68766,286.9,80.32758621,11267.16834,0.272727273,82.60606061
54,24.28,28.30135244,8.042704877,NA,0.1,28.20222497,23979.99504,282.1,80.51724138,11066.68328,0.290322581,81.83870968
56,24.28,28.30135244,8.042704877,14809.63046,0.1,28.20222497,23979.99504,282.1,80.51724138,11066.68328,0.290322581,81.83870968
57,24.32,28.36783783,8.095675667,14948.09661,0.1,NA,23795.42425,281.4,80.48275862,12690.30378,0.25,82.11111111
273,24.2525,NA,7.799944171,14546.30944,0.125,28.29144936,24396.63982,271.2,80.51724138,14448.17226,0.243902439,82.04878049
282,24.3575,28.39837833,8.081756664,14753.41182,0.1,28.17124596,23987.09021,281.4,80.36206897,13635.40152,0.230769231,82.23076923
283,24.2675,28.22316672,7.911333438,14614.71603,0.125,28.2450992,24267.95517,270.8,80.46551724,13161.13889,0.27027027,82
284,24.0675,28.36464617,8.594292345,15518.97425,0.125,27.9428732,23738.24453,328,80.24137931,11604.90794,0.171428571,82.34285714
286,24.2775,28.15472718,7.754454362,14523.06638,0.125,28.30975891,24354.5397,227.2,NA,13113.16445,0.297297297,81.97297297
287,24.2775,28.15472718,7.754454362,14523.06638,0.125,28.30975891,24354.5397,227.2,80.39655172,12813.59534,0.277777778,81.97222222
288,24.35,28.42929613,8.158592268,14966.77699,0.075,28.16827742,23929.41709,286.9,80.32758621,12926.68305,0.243243243,NA
289,24.12,28.30700436,8.374008715,14959.22979,0.1,28.02188023,24028.56989,243,80.17241379,11980.46452,0.222222222,82.41666667
290,NA,29.01146322,8.853923047,15152.962,0.113393088,29.24234128,22463.46537,267.4201055,80.08182882,13334.33594,0.110169698,81.2860888
291,24.3625,28.42142274,8.117845476,14804.75763,0.075,28.1508434,24163.0193,305.1,80.24137931,10350.67649,0.266666667,82.63333333
293,24.3775,28.42394143,8.092882853,14967.07944,0.1,28.05776127,23857.78671,295,80.29310345,15222.72066,0.204545455,82.15909091
294,23.8125,27.97506948,8.325138968,14092.52032,0.125,28.17537368,22575.08434,140,80.46551724,14333.48249,0,74.99694495
295,23.78,28.024563,8.489125998,14142.87117,0.125,28.19875399,22838.13814,102.8,79.79310345,12457.06605,0,74.49639941
536,23.78,28.024563,8.489125998,14142.87117,0.125,28.19875399,22838.13814,102.8,79.79310345,12457.06605,0,74.49639941
539,23.92,27.96274349,8.085486985,13566.83705,0.125,28.14980231,22634.00587,142,80.18965517,19197.85941,0,74.86134508
540,23.665,27.96903358,8.608067166,13642.26664,0.2,28.08860477,NA,229.1,81.82758621,19295.36439,0,78.0412866
548,23.78,28.024563,NA,14142.87117,0.125,28.19875399,22838.13814,102.8,79.79310345,10574.79395,0,74.62079931
549,23.665,27.96903358,8.608067166,13642.26664,0.2,28.08860477,20510.62279,229.1,81.82758621,19295.36439,0,78.0412866
559,23.8475,28.13306404,8.571128089,13926.42874,0.125,28.11150742,23340.33257,97.3,79.13619282,13360.26898,0,73.73333333
560,23.97,27.97889529,8.017790574,13301.90065,0.125,28.22232054,21859.167,147.7,80.94827586,9094.800894,0,76.66186588
617,NA,28.19354729,8.692094581,13792.28282,0.125,28.08153797,23501.65238,97.3,78.9810204,12852.98557,0,73.79310345
618,23.87,28.19328865,8.646577306,14052.32694,0.125,28.06503426,23593.01424,97.3,78.68791696,24523.87983,0,73.18235473
3277,24.52,28.19945618,7.358912364,14549.47379,0.15,28.98298398,22519.29722,313.7,78.29310345,9832.512003,NA,79.64
766,24.6225,28.36887377,7.49274755,14710.6309,0.1,28.92717615,22090.72899,315.1,78.48275862,11880.76454,0.166666667,79.6
781,24.6775,28.4342812,7.513562409,14734.49617,0.175,28.86508684,22637.09302,343.1,78.48275862,8341.7944,0.260869565,82.08695652
783,24.5075,28.26187985,7.508759696,14772.67955,0.125,28.95919677,22134.36264,325,78.48275862,11689.29623,0.2,80.13333333
784,24.645,28.39222754,7.494455071,14749.74716,0.2,28.86342918,22425.28988,306.8,78.62068966,11521.78001,0.225806452,81.12903226
788,24.695,28.43133872,7.472677443,14710.19704,0.1,28.91682088,22027.11303,315.1,78.5,11112.9375,0.178571429,79.57142857
791,24.6275,28.29009114,7.325182277,14585.4696,0.15,28.95935247,22475.45219,333.3,78.55172414,11219.16941,0.2,80.6
804,23.6825,27.91809017,8.471180344,13635.9102,0.2,28.12578406,20729.9854,221.6,81.70689655,26262.55601,0,76.94998683
805,24.52,28.19945618,7.358912364,14549.47379,0.15,28.98298398,22519.29722,313.7,78.29310345,11704.46913,0.225806452,80.67741935
806,24.6225,28.30134453,7.357689064,14489.54082,0.2,28.91240362,22557.90263,297.4,78.51724138,10849.72324,0.206896552,80.51724138
814,24.25,28.16,7.82,14559.85101,0.1,28.60078092,26199.30886,6.4,79.63487939,14385.98017,0,77.73393045
816,23.985,28.02868576,8.087371515,13364.52387,0.125,28.19564135,22307.70915,145.7,80.37931034,9977.811417,0,76.47387754
817,23.835,28.04272248,8.415444966,13916.7535,0.125,28.20069851,23018.34151,112.8,80.10344828,6751.490547,0,75.24369897
818,23.585,27.89081144,NA,15874.54057,0.15,27.96443613,19462.94476,341.2,82.51724138,21507.31012,0.070175439,80.84210526
820,23.9625,27.97652686,8.028053728,13294.61943,0.125,28.22183872,21763.41514,147.7,81.10344828,11479.02472,0,75.88073783
821,24.5,28.21859077,7.437181541,14647.31631,0.15,28.95363373,22326.28366,313.9,78.37931034,7286.295681,0.105263158,79.89473684
823,24.57,28.29889179,7.457783575,14724.9289,0.125,28.95911721,22134.40086,291.8,78.48275862,12055.28993,0.225806452,80.19354839
824,24.625,28.39037246,7.530744919,14736.66021,0.2,28.87712711,22494.87475,297.4,78.51724138,10096.25867,0.222222222,80.66666667
826,24.8475,28.90051706,8.106034126,15960.43318,0.05,28.4295563,21144.48378,248.5,80.37931034,11718.1341,0.066666667,76.66666667
827,24.6225,28.36887377,7.49274755,14710.6309,0.1,28.92717615,22090.72899,315.1,78.48275862,14418.02993,0.210526316,80.63157895
829,24.52,28.19945618,7.358912364,14549.47379,0.15,28.98298398,22519.29722,313.7,78.29310345,10754.54616,0.214285714,80.28571429
830,24.645,28.39222754,7.494455071,14749.74716,0.2,28.86342918,22425.28988,306.8,78.62068966,10418.92898,0.214285714,80.71428571
835,24.5075,28.26187985,7.508759696,14772.67955,0.125,28.95919677,22134.36264,325,78.48275862,11689.29623,0.2,80.13333333
838,24.695,28.43133872,7.472677443,14710.19704,0.1,28.91682088,22027.11303,315.1,78.5,8982.784789,0.130434783,79.91304348
840,24.52,28.19945618,7.358912364,14549.47379,0.15,28.98298398,22519.29722,313.7,78.29310345,15161.47949,0.195121951,81.17073171
1770,24.85,28.9075,8.115,14356.96553,0.2,29.14328586,25748.99324,229.4,79.82758621,11954.70122,0.129032258,81.69759718
1771,24.62,28.25859009,7.277180171,14456.12138,0.15,28.9895248,22617.81615,333.3,78.43103448,10827.11407,0.206896552,80.62068966
1772,24.8641405,28.9241405,8.12,15658.81992,0.125,29.43791141,24106.05258,320.9,80.15517241,21190.84782,0.113207547,81.44576439
1773,24.52,28.19945618,7.358912364,14549.47379,0.15,28.98298398,22519.29722,313.7,78.29310345,12711.67557,0.205882353,80.79411765
1799,24.5,29.11875,9.2375,14555.46067,0.15,29.36930254,22100.33386,202.4,79.66939469,15242.42198,0.1,83.48145343
1800,24.695,28.43133872,7.472677443,14710.19704,0.1,28.91682088,22027.11303,315.1,78.5,12917.64586,0.212121212,80.18181818
2010,24.62,28.25859009,7.277180171,14456.12138,0.15,28.9895248,22617.81615,333.3,78.43103448,13565.85986,0.162162162,80.81081081
2011,24.27,29.045,9.55,14512.48446,0.125,29.22312103,22458.07971,213.9,80.17078386,14723.72924,0.1,83.80524506
2015,24.52,28.19945618,7.358912364,14549.47379,0.15,28.98298398,22519.29722,313.7,78.29310345,13476.02415,0.194444444,80.69444444
2016,24.54108628,28.88345521,8.684737857,15068.66653,0.10631392,28.96593993,22376.9238,260.0841041,80.36454699,12950.07652,0.094518488,80.33215956
2020,24.72,28.4231314,7.406262806,14665.91939,0.2,28.78042921,22555.54868,343.3,78.48275862,15064.77869,0.175,81.35
2021,24.2775,28.15472718,7.754454362,14523.06638,0.125,28.30975891,24354.5397,227.2,80.39655172,14825.27988,0.261904762,82.14285714
2022,23.755,28.21125,8.9125,15136.26506,0.175,28.28793103,20449.96967,264.2,82.36206897,19215.00567,0.041666667,77.63034623
2029,23.81,28.23875,8.8575,15064.77869,0.175,28.30689655,20417.44607,264.2,82.34482759,22353.75237,0.035714286,77.37958249
2031,23.9825,28.09875,8.2325,13824.91979,0.175,28.63065202,22862.63314,96.6,79.29752792,12553.90036,0,75.64516129
2032,23.9775,28.11375,8.2725,13913.09904,0.175,28.49629669,21550.7022,133.8,81.18965517,14919.67382,0,74.86823942
2035,23.5925,28.03375,8.8825,15242.42198,0.2,28.13275862,20343.16297,332,82.93103448,14314.23806,0.052631579,81.02631579
2038,23.73,28.21125,8.9625,15212.09724,0.175,28.25,20444.34693,264.2,82.39655172,13556.18083,0.058823529,78.91931233
2039,23.865,27.96375,8.1975,13990.94472,0.25,28.42155172,20918.1964,137.6,81.75862069,18307.73903,0,76.33903598
2040,24.07481542,28.54738478,8.945138723,14698.215,0.2,28.91484591,24332.57724,268.7,83.79066551,17704.4867,0.217391304,86.41467282
2041,24.3225,28.7725,8.9,14930.24955,0.125,29.48521198,22703.70013,272.6,79.29690653,10550.40972,0.142857143,82.03571429
2042,25.0475,29.84,9.585,15520.22045,0.05,28.88779819,22346.75083,336.5,81.30074862,12468.88396,0.03030303,82.24242424
2043,25.0475,29.84,9.585,15520.22045,0.05,28.88779819,22346.75083,336.5,81.30074862,10014.20543,0,82.66666667
2044,23.85562329,29.11778872,10.52433085,15896.171,0.125,28.32965869,22756.14729,398.4,86.56566755,12344.45108,0.25,86.410151
2045,24.82,29.51875,9.3975,15785.72792,0.05,29.04814302,22356.15162,306.6,80.76626586,11632.23674,0.064516129,82.48387097
2048,24.8875,29.60122707,9.42745414,15670.00834,0.15,28.63521198,22911.46024,389.2,86.41049513,9375.164907,0.166666667,85.40474455
2050,25.0475,29.84,9.585,15520.22045,0.05,28.88779819,22346.75083,336.5,81.30074862,13479.11637,0.055555556,82.25
2051,25.0675,29.875,9.615,15731.78276,0.05,28.8291775,22218.0579,318,81.42143827,13175.10172,0.057142857,82.08571429
2052,23.7964363,28.80569522,10.01851784,14867.65001,0.175,28.53108292,23572.61478,367.2,85.98699554,10834.92063,0.178571429,85.08131591
2053,24.8875,29.6275,9.48,15771.33664,0.05,28.99555681,22303.83284,317.6,81.00764517,11306.31,0.066666667,82.7
2069,24.435,28.89875,8.9275,15294.88735,0.1,29.3653844,22731.08104,272.6,79.59385207,10446.15251,0.142857143,81.96428571
2078,24.73,29.27875,9.0975,15505.82049,0.075,29.2041775,22471.86148,306.2,80.24902448,9073.590692,0.083333333,82.08333333
2079,24.9775,29.7425,9.53,15623.59901,0.05,28.94641888,22322.20015,322.7,81.12833482,10437.34775,0.035714286,82.64285714
2080,24.73,29.27875,9.0975,15505.82049,0.075,29.2041775,22471.86148,306.2,80.24902448,8008.659328,0.095238095,81.80952381
2081,25.0675,29.9325,9.73,15671.54276,0.05,28.85934991,22079.7239,319,81.6455762,11880.20397,0.032258065,81.58064516
2082,24.9775,29.7425,9.53,15623.59901,0.05,28.94641888,22322.20015,322.7,81.12833482,10879.88985,0.068965517,82.72413793
2083,24.79,29.34125,9.1025,15447.87574,0.075,29.13003957,22537.00573,306.6,80.33523138,10801.12843,0.068965517,82.62068966
2084,24.9775,29.7425,9.53,15623.59901,0.05,28.94641888,22322.20015,322.7,81.12833482,14973.75365,0.1,82.325
2086,24.73,29.27875,9.0975,15505.82049,0.075,29.2041775,22471.86148,306.2,80.24902448,16676.58863,0.113636364,82.06818182
2088,25.0475,29.84,9.585,15520.22045,0.05,28.88779819,22346.75083,336.5,81.30074862,12834.97488,0.029411765,82.08823529
2089,25.0525,29.9475,9.79,15854.65335,0.05,28.86452233,21977.80689,317.3,81.81799,9147.036709,0.041666667,82.08333333
2090,25.0675,29.875,9.615,15731.78276,0.05,28.8291775,22218.0579,318,81.42143827,10617.84125,0.035714286,82.39285714
2091,24.455,28.89375,8.8775,14920.64318,0.125,29.75258621,22906.78925,260.5,78.56512342,6559.94646,0.235294118,80.67314234
2092,24.5575,29.0575,9,15314.59288,0.1,29.32831543,22685.084,282.9,79.86971413,9690.179151,0.115384615,82.11538462
2107,24.3225,28.7725,8.9,14930.24955,0.125,29.48521198,22703.70013,272.6,79.29690653,12072.7791,0.125,82.1875
2110,24.3225,28.7725,8.9,14930.24955,0.125,29.48521198,22703.70013,272.6,79.29690653,11610.11489,0.129032258,82.25806452
2111,23.81290578,28.85642996,10.08704836,15001.74031,0.175,28.4979635,23440.78825,389.2,86.0214783,13118.70651,0.176470588,85.96140612
2113,25.0675,29.875,9.615,15731.78276,0.05,28.8291775,22218.0579,318,81.42143827,11344.25364,0.033333333,82.33333333
2117,24.3575,28.8325,8.95,15132.60815,0.125,29.43003957,22715.79005,272.6,79.45592103,11161.65606,0.133333333,82.3
2118,24.9775,29.7425,9.53,15623.59901,0.05,28.94641888,22322.20015,322.7,81.12833482,10037.58286,0.037037037,82.81481481
2119,24.5575,29.0575,9,15314.59288,0.1,29.32831543,22685.084,282.9,79.86971413,11233.78981,0.1,82.23333333
2120,24.8875,29.6275,9.48,15771.33664,0.05,28.99555681,22303.83284,317.6,81.00764517,9734.646361,0.038461538,82.69230769
2128,23.81290578,28.85642996,10.08704836,15001.74031,0.175,28.4979635,23440.78825,389.2,86.0214783,13118.70651,0.176470588,85.96140612
2129,23.81473549,28.75484481,9.880218651,14672.54442,0.2,28.58795548,23841.36953,367.2,85.83182313,13723.57761,0.194444444,85.76910578
2130,24.04603878,28.61299646,9.133915363,14490.5323,0.2,28.77762424,24036.12527,329.2,84.75618275,13937.77638,0.194444444,85.51844409
2132,23.81473549,28.75484481,9.880218651,14672.54442,0.2,28.58795548,23841.36953,367.2,85.83182313,11688.34443,0.193548387,85.26699502
2135,23.81290578,28.85642996,10.08704836,15001.74031,0.175,28.4979635,23440.78825,389.2,86.0214783,11722.7189,0.161290323,85.57057446
2136,24.7725,29.3875,9.23,15588.595,0.05,29.08176371,22479.5339,306.6,80.52488655,17116.67472,0.108695652,82.34782609
2137,23.89881855,29.09188634,10.38613559,15633.48119,0.15,28.35956277,22941.94612,389.2,86.36630589,12231.29663,0.193548387,86.02218736
2138,23.85562329,29.11778872,10.52433085,15896.171,0.125,28.32965869,22756.14729,398.4,86.56566755,12720.79409,0.242424242,86.39772218
2140,23.81912987,28.904542,10.17082427,15018.07386,0.175,28.45187706,23451.77308,389.2,86.12492658,12825.3655,0.181818182,85.99053964
2154,23.81290578,28.85642996,10.08704836,15001.74031,0.175,28.4979635,23440.78825,389.2,86.0214783,13118.70651,0.176470588,85.96140612
2157,23.89881855,29.09188634,10.38613559,15633.48119,0.15,28.35956277,22941.94612,389.2,86.36630589,13674.41492,0.228571429,86.24822309
2158,24.5575,29.0575,9,15314.59288,0.1,29.32831543,22685.084,282.9,79.86971413,13408.22808,0.083333333,82.41666667
2159,24.8875,29.585,9.395,15925.33525,0.05,29.02659129,22363.23222,306.6,80.88695551,12837.20269,0.088235294,82.41176471
2160,24.5575,29.0575,9,15314.59288,0.1,29.32831543,22685.084,282.9,79.86971413,10331.10876,0.107142857,82.32142857
2161,24.315,28.79625,8.9625,14610.72058,0.15,29.6929706,22622.31264,227.2,78.6685717,14820.08322,0.153846154,81.96008769
2163,24.3175,28.82,9.005,14608.84379,0.15,29.57831543,22710.92973,242.8,79.09000997,12589.54486,0.181818182,81.81818182
2164,24.345,28.80875,8.9275,14723.44019,0.15,29.66021198,22712.6391,234.3,78.74518239,11866.19931,0.193548387,81.90322581
2165,24.73,29.27875,9.0975,15505.82049,0.075,29.2041775,22471.86148,306.2,80.24902448,10177.18451,0.074074074,82.22222222
2166,24.3175,28.82,9.005,14608.84379,0.15,29.57831543,22710.92973,242.8,79.09000997,12170.7693,0.1875,81.78125
2167,24.79,29.34125,9.1025,15447.87574,0.075,29.13003957,22537.00573,306.6,80.33523138,17525.69103,0.106382979,82.34042553
2206,24.73,29.27875,9.0975,15505.82049,0.075,29.2041775,22471.86148,306.2,80.24902448,9414.001897,0.08,81.92
2207,24.73,29.27875,9.0975,15505.82049,0.075,29.2041775,22471.86148,306.2,80.24902448,10617.20135,0.071428571,82.21428571
2211,24.73,29.27875,9.0975,15505.82049,0.075,29.2041775,22471.86148,306.2,80.24902448,10617.20135,0.071428571,82.21428571
2214,24.3225,28.755,8.865,14849.7079,0.15,29.49728095,22754.59806,260.1,79.21069963,11974.85344,0.15625,82.15625
2216,24.82,29.51875,9.3975,15785.72792,0.05,29.04814302,22356.15162,306.6,80.76626586,10503.11521,0.071428571,82.53571429
2218,24.7725,29.3875,9.23,15588.595,0.05,29.08176371,22479.5339,306.6,80.52488655,12856.85043,0.088235294,82.5
2220,23.89881855,29.09188634,10.38613559,15633.48119,0.15,28.35956277,22941.94612,389.2,86.36630589,13298.07191,0.235294118,86.25552377
2222,23.81912987,28.904542,10.17082427,15018.07386,0.175,28.45187706,23451.77308,389.2,86.12492658,12825.3655,0.181818182,85.99053964
2224,23.86844734,29.09170074,10.4465068,15670.00834,0.15,28.35957244,22911.46024,389.2,86.41049513,11692.14802,0.2,86.1374944
2225,23.81290578,28.85642996,10.08704836,15001.74031,0.175,28.4979635,23440.78825,389.2,86.0214783,14185.48179,0.216216216,86.18075157
2228,23.81912987,28.904542,10.17082427,15018.07386,0.175,28.45187706,23451.77308,389.2,86.12492658,12825.3655,0.181818182,85.99053964
2229,24.8875,29.6275,9.48,15771.33664,0.05,28.99555681,22303.83284,317.6,81.00764517,11771.41837,0.064516129,82.5483871
2233,23.81290578,28.85642996,10.08704836,15001.74031,0.175,28.4979635,23440.78825,389.2,86.0214783,14561.8248,0.210526316,86.17599495
2234,24.31,28.81625,9.0125,14614.81444,0.15,29.53779819,22731.31063,260.1,79.22794101,13283.73165,0.142857143,81.91428571
2235,24.6475,29.1575,9.02,15545.39475,0.075,29.27141888,22560.22961,282.7,80.05936931,11950.47544,0.09375,82.5
2236,24.73,29.27875,9.0975,15505.82049,0.075,29.2041775,22471.86148,306.2,80.24902448,12791.63962,0.058823529,82.41176471
2237,24.82,29.51875,9.3975,15785.72792,0.05,29.04814302,22356.15162,306.6,80.76626586,13266.29961,0.085714286,82.37142857
2238,24.48,28.92875,8.8975,15307.86942,0.15,29.72241379,22929.23636,255.9,78.65133032,11401.79413,0.2,81.48144733
2241,24.73,29.27875,9.0975,15505.82049,0.075,29.2041775,22471.86148,306.2,80.24902448,13699.2901,0.083333333,82.36111111
2242,25.0475,29.84,9.585,15520.22045,0.05,28.88779819,22346.75083,336.5,81.30074862,12468.88396,0.03030303,82.24242424
2243,24.79,29.34125,9.1025,15447.87574,0.075,29.13003957,22537.00573,306.6,80.33523138,11958.45138,0.0625,82.6875
2267,24.7725,29.3875,9.23,15588.595,0.05,29.08176371,22479.5339,306.6,80.52488655,12856.85043,0.088235294,82.5
2275,25.0675,29.9325,9.73,15671.54276,0.05,28.85934991,22079.7239,319,81.6455762,11880.20397,0.032258065,81.58064516
2277,24.8875,29.6275,9.48,15771.33664,0.05,28.99555681,22303.83284,317.6,81.00764517,7786.648571,0.047619048,82.57142857
2280,25.0475,29.84,9.585,15520.22045,0.05,28.88779819,22346.75083,336.5,81.30074862,9154.689091,0,82.92
2281,24.3225,28.7725,8.9,14930.24955,0.125,29.48521198,22703.70013,272.6,79.29690653,20167.34772,0.12962963,82.37037037
2282,24.435,28.89875,8.9275,15294.88735,0.1,29.3653844,22731.08104,272.6,79.59385207,7733.970175,0.19047619,82.42857143
2283,24.3575,28.8325,8.95,15132.60815,0.125,29.43003957,22715.79005,272.6,79.45592103,9455.795086,0.16,81.88
2284,24.73,29.27875,9.0975,15505.82049,0.075,29.2041775,22471.86148,306.2,80.24902448,8417.223355,0.090909091,81.77272727
2293,24.79,29.34125,9.1025,15447.87574,0.075,29.13003957,22537.00573,306.6,80.33523138,15178.98572,0.075,82.075
2298,24.73,29.27875,9.0975,15505.82049,0.075,29.2041775,22471.86148,306.2,80.24902448,11662.51809,0.064516129,82.4516129
2314,24.3575,28.8325,8.95,15132.60815,0.125,29.43003957,22715.79005,272.6,79.45592103,9455.795086,0.16,81.88
2351,24.345,28.82875,8.9675,14594.57576,0.15,29.66969474,22680.3189,227.2,78.70305446,12154.03397,0.1875,81.79510687
2352,24.8875,29.6275,9.48,15771.33664,0.05,28.99555681,22303.83284,317.6,81.00764517,9034.62915,0.041666667,82.41666667
2387,24.9625,29.91125,9.8975,16009.56099,0.075,28.95331543,22037.3473,296.6,81.7317831,8860.450207,0.043478261,81.7826087
2391,24.8875,29.585,9.395,15925.33525,0.05,29.02659129,22363.23222,306.6,80.88695551,11203.13982,0.066666667,82.53333333
2392,24.79,29.34125,9.1025,15447.87574,0.075,29.13003957,22537.00573,306.6,80.33523138,14453.72532,0.078947368,82.34210526
2404,24.71,29.35,9.28,15239.27506,0.15,29.47068966,22480.59248,253.4,78.97891653,19483.3979,0.117647059,81.22438078
2406,24.9775,29.7425,9.53,15623.59901,0.05,28.94641888,22322.20015,322.7,81.12833482,7822.892633,0.047619048,82.47619048
2457,24.8875,29.6275,9.48,15771.33664,0.05,28.99555681,22303.83284,317.6,81.00764517,9034.62915,0.041666667,82.41666667
2458,24.8875,29.6275,9.48,15771.33664,0.05,28.99555681,22303.83284,317.6,81.00764517,12959.27694,0.058823529,82.38235294
2465,24.73,29.27875,9.0975,15505.82049,0.075,29.2041775,22471.86148,306.2,80.24902448,12791.63962,0.058823529,82.41176471
2466,24.3225,28.7725,8.9,14930.24955,0.125,29.48521198,22703.70013,272.6,79.29690653,12858.09547,0.117647059,82.17647059
2472,24.7725,29.3875,9.23,15588.595,0.05,29.08176371,22479.5339,306.6,80.52488655,11549.43507,0.064516129,82.70967742
2474,25.015,29.92125,9.8125,15882.00017,0.05,28.89555681,21864.15756,320.7,81.90419689,13522.13192,0.083333333,81.88888889
2501,24.79,29.34125,9.1025,15447.87574,0.075,29.13003957,22537.00573,306.6,80.33523138,13265.86674,0.085714286,82.48571429
2506,24.8875,29.6275,9.48,15771.33664,0.05,28.99555681,22303.83284,317.6,81.00764517,16031.24266,0.093023256,82.37209302
2507,24.8875,29.6275,9.48,15771.33664,0.05,28.99555681,22303.83284,317.6,81.00764517,12959.27694,0.058823529,82.38235294
2508,24.73,29.27875,9.0975,15505.82049,0.075,29.2041775,22471.86148,306.2,80.24902448,15612.40908,0.073170732,81.97560976
2510,24.6475,29.1575,9.02,15545.39475,0.075,29.27141888,22560.22961,282.7,80.05936931,13079.59697,0.085714286,82.45714286
2511,24.8875,29.585,9.395,15925.33525,0.05,29.02659129,22363.23222,306.6,80.88695551,6420.159522,0.117647059,81.88235294
2535,25.0675,29.935,9.735,15675.07356,0.05,28.82745336,22066.06447,318.7,81.62833482,15631.08763,0.071428571,82.19047619
2536,24.73,29.27875,9.0975,15505.82049,0.075,29.2041775,22471.86148,306.2,80.24902448,10962.50088,0.068965517,82.20689655
2539,25.0675,29.875,9.615,15731.78276,0.05,28.8291775,22218.0579,318,81.42143827,8850.674438,0,82.70833333
2540,24.5575,29.0575,9,15314.59288,0.1,29.32831543,22685.084,282.9,79.86971413,10793.77297,0.103448276,82.24137931
2545,24.6475,29.1575,9.02,15545.39475,0.075,29.27141888,22560.22961,282.7,80.05936931,9701.959243,0.115384615,82
2550,24.9775,29.7425,9.53,15623.59901,0.05,28.94641888,22322.20015,322.7,81.12833482,10037.58286,0.037037037,82.81481481
2560,24.8875,29.585,9.395,15925.33525,0.05,29.02659129,22363.23222,306.6,80.88695551,11203.13982,0.066666667,82.53333333
2573,25.0675,29.9325,9.73,15671.54276,0.05,28.85934991,22079.7239,319,81.6455762,3858.367194,0,80.9
2577,25.0675,29.9325,9.73,15671.54276,0.05,28.85934991,22079.7239,319,81.6455762,5681.796785,0,81.06666667
2579,24.73,29.27875,9.0975,15505.82049,0.075,29.2041775,22471.86148,306.2,80.24902448,8654.815126,0.086956522,82.04347826
2609,24.79,29.34125,9.1025,15447.87574,0.075,29.13003957,22537.00573,306.6,80.33523138,8640.167334,0.086956522,82.26086957
2635,24.82,29.51875,9.3975,15785.72792,0.05,29.04814302,22356.15162,306.6,80.76626586,10772.72041,0.068965517,82.68965517
2636,24.79,29.34125,9.1025,15447.87574,0.075,29.13003957,22537.00573,306.6,80.33523138,11958.45138,0.0625,82.6875
2637,24.3225,28.7725,8.9,14930.24955,0.125,29.48521198,22703.70013,272.6,79.29690653,12072.7791,0.125,82.1875
2641,24.73,29.27875,9.0975,15505.82049,0.075,29.2041775,22471.86148,306.2,80.24902448,12391.87474,0.060606061,82.54545455
2643,24.73,29.27875,9.0975,15505.82049,0.075,29.2041775,22471.86148,306.2,80.24902448,9414.001897,0.08,81.92
2661,24.435,28.89875,8.9275,15294.88735,0.1,29.3653844,22731.08104,272.6,79.59385207,10746.67091,0.137931034,82.31034483
2662,24.82,29.55247707,9.46495414,15785.72792,0.15,28.65159129,22356.15162,389.2,86.36630589,10503.11521,0.178571429,85.59599315
2663,25.0075,29.89625,9.7775,15810.97652,0.075,28.92228095,22064.99958,303.9,81.68005896,11257.29483,0.1,82.13333333
2666,24.8875,29.6275,9.48,15771.33664,0.05,28.99555681,22303.83284,317.6,81.00764517,9734.646361,0.038461538,82.69230769
2668,25.0675,29.9325,9.73,15671.54276,0.05,28.85934991,22079.7239,319,81.6455762,14226.90928,0.078947368,82
2669,24.73,29.27875,9.0975,15505.82049,0.075,29.2041775,22471.86148,306.2,80.24902448,12391.87474,0.060606061,82.54545455
2675,24.73,29.27875,9.0975,15505.82049,0.075,29.2041775,22471.86148,306.2,80.24902448,11234.55179,0.066666667,82.46666667
2678,24.73,29.27875,9.0975,15505.82049,0.075,29.2041775,22471.86148,306.2,80.24902448,9714.520302,0.076923077,82.30769231
2679,24.79,29.34125,9.1025,15447.87574,0.075,29.13003957,22537.00573,306.6,80.33523138,10529.07752,0.071428571,82.35714286
2680,24.82,29.51875,9.3975,15785.72792,0.05,29.04814302,22356.15162,306.6,80.76626586,6431.169424,0.117647059,82.11764706
2681,24.5575,29.0575,9,15314.59288,0.1,29.32831543,22685.084,282.9,79.86971413,12279.10655,0.090909091,82.45454545
2688,24.32,28.79875,8.9575,14773.84478,0.15,29.69469474,22604.08164,232.8,78.71069963,17966.6399,0.14893617,82.25531915
2690,24.5575,29.0575,9,15314.59288,0.1,29.32831543,22685.084,282.9,79.86971413,8207.160764,0.136363636,82.09090909
2694,24.675,29.255,9.16,15328.77668,0.15,29.4862069,22473.49741,258.5,79.11684756,13056.00201,0.176470588,81.01304176
2718,24.705,29.26,9.11,15193.95005,0.15,29.47931034,22364.94265,259.7,79.1685717,12874.8065,0.181818182,80.61949757
2719,24.4575,28.9025,8.89,15070.35886,0.15,29.76206897,22916.1731,254.8,78.5823648,12914.13764,0.176470588,81.48362999
2721,24.32,28.79875,8.9575,14773.84478,0.15,29.69469474,22604.08164,232.8,78.71069963,2836.863581,0.285714286,81.28571429
2722,25.0425,29.9275,9.77,15826.93423,0.075,28.89641888,21921.85547,303.9,81.81799,9386.712782,0.041666667,81.33333333
2723,24.5575,29.0575,9,15314.59288,0.1,29.32831543,22685.084,282.9,79.86971413,8207.160764,0.136363636,82.09090909
2733,24.73,29.27875,9.0975,15505.82049,0.075,29.2041775,22471.86148,306.2,80.24902448,10177.18451,0.074074074,82.22222222
2735,24.455,28.89375,8.8775,14920.64318,0.125,29.75258621,22906.78925,260.5,78.56512342,11411.20492,0.2,81.78144733
2736,24.3225,28.7725,8.9,14930.24955,0.125,29.48521198,22703.70013,272.6,79.29690653,7843.441917,0.19047619,82.47619048
2739,24.73,29.27875,9.0975,15505.82049,0.075,29.2041775,22471.86148,306.2,80.24902448,8008.659328,0.095238095,81.80952381
2740,24.745,29.33,9.17,15178.35773,0.15,29.47931034,22439.92631,259.6,79.01339929,12873.18305,0.151515152,80.58919454
2746,24.8875,29.6275,9.48,15771.33664,0.05,28.99555681,22303.83284,317.6,81.00764517,12089.88797,0.0625,82.6875
2757,24.79,29.34125,9.1025,15447.87574,0.075,29.13003957,22537.00573,306.6,80.33523138,15178.98572,0.075,82.075
2762,23.81290578,28.85642996,10.08704836,15001.74031,0.175,28.4979635,23440.78825,389.2,86.0214783,13118.70651,0.176470588,85.96140612
2766,23.81912987,28.904542,10.17082427,15018.07386,0.175,28.45187706,23451.77308,389.2,86.12492658,12825.3655,0.181818182,85.99053964
2767,24.73,29.27875,9.0975,15505.82049,0.075,29.2041775,22471.86148,306.2,80.24902448,12791.63962,0.058823529,82.41176471
2771,24.73,29.27875,9.0975,15505.82049,0.075,29.2041775,22471.86148,306.2,80.24902448,13699.2901,0.083333333,82.36111111
2772,24.79,29.34125,9.1025,15447.87574,0.075,29.13003957,22537.00573,306.6,80.33523138,13265.86674,0.085714286,82.48571429
2773,23.88458754,28.97727084,10.1853666,15308.27792,0.175,28.41418172,23217.74488,389.2,86.24561623,12532.00276,0.1875,85.95899401
2774,24.8875,29.6275,9.48,15771.33664,0.05,28.99555681,22303.83284,317.6,81.00764517,13684.53735,0.055555556,82.08333333
2775,24.73,29.31497707,9.16995414,15001.74031,0.175,28.83521198,23440.78825,389.2,86.0214783,13482.06198,0.2,86.07679452
2860,23.84220532,29.17857973,10.67274882,16208.79444,0.1,28.28823981,22566.1423,403.5,86.61739168,13424.68884,0.235294118,86.50367153
2862,24.73,29.27875,9.0975,15505.82049,0.075,29.2041775,22471.86148,306.2,80.24902448,12791.63962,0.058823529,82.41176471
2863,24.8875,29.585,9.395,15925.33525,0.05,29.02659129,22363.23222,306.6,80.88695551,13298.64887,0.085714286,82.31428571
2864,24.8875,29.585,9.395,15925.33525,0.05,29.02659129,22363.23222,306.6,80.88695551,11203.13982,0.066666667,82.53333333
2865,23.78593442,28.57294428,9.574019718,14347.74545,0.2,28.7109517,24224.37224,333.7,85.48032069,18160.14982,0.255319149,86.15053085
2866,25.0175,29.98625,9.9375,15012.76815,0.125,29.34827586,22437.464,220.6,78.61684756,20204.60928,0.226415094,81.51780037
2867,24.595,29.10625,9.0225,15396.85547,0.15,29.58448276,22635.63926,257.8,78.94443377,14486.36461,0.157894737,81.22219526
2873,24.73,29.27875,9.0975,15505.82049,0.075,29.2041775,22471.86148,306.2,80.24902448,11662.51809,0.064516129,82.4516129
2886,24.82,29.51875,9.3975,15785.72792,0.05,29.04814302,22356.15162,306.6,80.76626586,12539.88722,0.090909091,82.42424242
2888,24.79,29.34125,9.1025,15447.87574,0.075,29.13003957,22537.00573,306.6,80.33523138,9281.096944,0.08,82.48
2890,24.8875,29.6275,9.48,15771.33664,0.05,28.99555681,22303.83284,317.6,81.00764517,12497.83076,0.060606061,82.48484848
2891,24.355,28.83625,8.9625,14658.38852,0.15,29.6903844,22774.84608,227.2,78.68581308,11765.41691,0.193548387,81.75623935
2892,24.79,29.34125,9.1025,15447.87574,0.075,29.13003957,22537.00573,306.6,80.33523138,7575.235971,0.1,82
2893,24.3225,28.7725,8.9,14180.50395,0.2,29.48521198,24390.03912,333.7,79.29690653,13444.3669,0.222222222,82.38888889
2895,23.88223298,29.23859356,10.71272116,16391.72833,0.1,28.26230541,22569.10823,403.5,86.72083996,21991.62489,0.206896552,87.8303767
2898,24.73,29.27875,9.0975,15505.82049,0.075,29.2041775,22471.86148,306.2,80.24902448,12391.87474,0.060606061,82.54545455
2901,24.79,29.34125,9.1025,15447.87574,0.075,29.13003957,22537.00573,306.6,80.33523138,9281.096944,0.08,82.48
2902,24.355,28.83625,8.9625,14658.38852,0.15,29.6903844,22774.84608,227.2,78.68581308,13408.14189,0.171428571,81.52695485
2917,24.73,29.27875,9.0975,15505.82049,0.075,29.2041775,22471.86148,306.2,80.24902448,13699.2901,0.083333333,82.36111111
2921,24.355,28.83625,8.9625,14658.38852,0.15,29.6903844,22774.84608,227.2,78.68581308,18609.20921,0.12244898,81.92741673
2937,24.7725,29.3875,9.23,15588.595,0.05,29.08176371,22479.5339,306.6,80.52488655,11549.43507,0.064516129,82.70967742
2944,24.3575,28.8325,8.95,15132.60815,0.125,29.43003957,22715.79005,272.6,79.45592103,13839.01049,0.108108108,82.51351351
2948,23.79545948,28.64520681,9.699494656,14490.6314,0.2,28.66868762,23999.98415,351.2,85.65273448,17024.89876,0.227272727,86.00170341
2953,23.81473549,28.75484481,9.880218651,14672.54442,0.2,28.58795548,23841.36953,367.2,85.83182313,13723.57761,0.194444444,85.76910578
2954,25.0675,29.875,9.615,15731.78276,0.05,28.8291775,22218.0579,318,81.42143827,15873.80765,0.069767442,82.46511628
3103,24.8875,29.6275,9.48,15771.33664,0.05,28.99555681,22303.83284,317.6,81.00764517,11306.31,0.066666667,82.7
3106,24.73,29.27875,9.0975,15505.82049,0.075,29.2041775,22471.86148,306.2,80.24902448,8417.223355,0.090909091,81.77272727
3122,24.48,28.92875,8.8975,15307.86942,0.15,29.72241379,22929.23636,255.9,78.65133032,12948.2771,0.176470588,81.36598294
3124,24.3225,28.7725,8.9,14930.24955,0.125,29.48521198,22703.70013,272.6,79.29690653,8597.414153,0.173913043,82.34782609
3125,24.6475,29.1575,9.02,15545.39475,0.075,29.27141888,22560.22961,282.7,80.05936931,6235.804674,0.176470588,82.70588235
3135,24.73,29.27875,9.0975,15505.82049,0.075,29.2041775,22471.86148,306.2,80.24902448,8008.659328,0.095238095,81.80952381
3280,24.355,28.83625,8.9625,14658.38852,0.15,29.6903844,22774.84608,227.2,78.68581308,12043.26588,0.1875,81.92010687
787,24.73,29.31497707,9.16995414,15001.74031,0.175,28.83521198,23440.78825,389.2,86.0214783,12061.8915,0.1875,85.74024401
3278,24.9775,29.7425,9.53,15623.59901,0.05,28.94641888,22322.20015,322.7,81.12833482,9308.226214,0.04,82.72
3299,23.85562329,29.11778872,10.52433085,15896.171,0.125,28.32965869,22756.14729,398.4,86.56566755,14241.9246,0.222222222,86.47568978
4501,23.85562329,29.11778872,10.52433085,15896.171,0.125,28.32965869,22756.14729,398.4,86.56566755,17496.11501,0.239130435,87.28532243
4502,23.84220532,29.17857973,10.67274882,16208.79444,0.1,28.28823981,22566.1423,403.5,86.61739168,13893.51361,0.228571429,86.5749952
4504,23.78593442,28.57294428,9.574019718,14347.74545,0.2,28.7109517,24224.37224,333.7,85.48032069,14415.88976,0.236842105,85.68618289
4506,23.81473549,28.75484481,9.880218651,14672.54442,0.2,28.58795548,23841.36953,367.2,85.83182313,19029.77981,0.22,86.63375616
4507,25.015,29.92125,9.8125,15882.00017,0.05,28.89555681,21864.15756,320.7,81.90419689,13522.13192,0.083333333,81.88888889
4510,24.73,29.27875,9.0975,15505.82049,0.075,29.2041775,22471.86148,306.2,80.24902448,9073.590692,0.083333333,82.08333333
4551,23.78593442,28.57294428,9.574019718,14347.74545,0.2,28.7109517,24224.37224,333.7,85.48032069,14415.88976,0.236842105,85.68618289
4605,24.8875,29.585,9.395,15925.33525,0.05,29.02659129,22363.23222,306.6,80.88695551,14023.90927,0.081081081,82.02702703
4606,25.0675,29.9325,9.73,15671.54276,0.05,28.85934991,22079.7239,319,81.6455762,9501.976614,0.04,82.2
2871,24.79,29.34125,9.1025,15447.87574,0.075,29.13003957,22537.00573,306.6,80.33523138,12358.21627,0.060606061,82.54545455
2896,24.73,29.27875,9.0975,15505.82049,0.075,29.2041775,22471.86148,306.2,80.24902448,10617.20135,0.071428571,82.21428571
2153,24.73,29.27875,9.0975,15505.82049,0.075,29.2041775,22471.86148,306.2,80.24902448,13699.2901,0.083333333,82.36111111
2541,24.8875,29.6275,9.48,15771.33664,0.05,28.99555681,22303.83284,317.6,81.00764517,13684.53735,0.055555556,82.08333333
2925,24.73,29.27875,9.0975,15505.82049,0.075,29.2041775,22471.86148,306.2,80.24902448,15612.40908,0.073170732,81.97560976
2831,24.79,29.34125,9.1025,15447.87574,0.075,29.13003957,22537.00573,306.6,80.33523138,12800.75837,0.088235294,82.61764706
2836,24.315,28.79625,8.9625,14610.72058,0.15,29.6929706,22622.31264,227.2,78.6685717,15282.74743,0.15,81.9110855
2301,24.9775,29.7425,9.53,15623.59901,0.05,28.94641888,22322.20015,322.7,81.12833482,13258.1172,0.057142857,82.08571429
2754,24.5575,29.0575,9,15314.59288,0.1,29.32831543,22685.084,282.9,79.86971413,13408.22808,0.083333333,82.41666667
2747,24.73,29.27875,9.0975,15505.82049,0.075,29.2041775,22471.86148,306.2,80.24902448,12791.63962,0.058823529,82.41176471
2950,23.78593442,28.57294428,9.574019718,14347.74545,0.2,28.7109517,24224.37224,333.7,85.48032069,14779.24523,0.256410256,85.79679359
2751,23.80646124,28.51570769,9.418492896,14180.50395,0.2,28.7577165,24390.03912,333.7,85.25618275,15203.70997,0.25,85.87687375
2752,23.79545948,28.64520681,9.699494656,14490.6314,0.2,28.66868762,23999.98415,351.2,85.65273448,14060.64996,0.216216216,85.67770135
2302,24.9775,29.7425,9.53,15623.59901,0.05,28.94641888,22322.20015,322.7,81.12833482,10879.88985,0.068965517,82.72413793
2741,24.7725,29.3875,9.23,15588.595,0.05,29.08176371,22479.5339,306.6,80.52488655,14769.96941,0.076923077,82.07692308
2750,24.73,29.27875,9.0975,15505.82049,0.075,29.2041775,22471.86148,306.2,80.24902448,11662.51809,0.064516129,82.4516129
2949,24.7725,29.3875,9.23,15588.595,0.05,29.08176371,22479.5339,306.6,80.52488655,11949.19996,0.0625,82.5625
2940,24.5575,29.0575,9,15314.59288,0.1,29.32831543,22685.084,282.9,79.86971413,16228.99754,0.093023256,82
2946,24.9775,29.7425,9.53,15623.59901,0.05,28.94641888,22322.20015,322.7,81.12833482,9308.226214,0.04,82.72
3172,25.0475,29.82122707,9.54745414,16391.72833,0.1,28.49124647,22569.10823,403.5,86.72083996,15802.58724,0.243902439,87.22255688
3173,24.5575,29.0575,9,15314.59288,0.1,29.32831543,22685.084,282.9,79.86971413,13408.22808,0.083333333,82.41666667
3174,24.3575,28.8325,8.95,15132.60815,0.125,29.43003957,22715.79005,272.6,79.45592103,14681.31748,0.128205128,82.46153846
3175,24.31,28.81625,9.0125,14614.81444,0.15,29.53779819,22731.31063,260.1,79.22794101,14341.09892,0.131578947,82.13157895
3176,24.9775,29.74622707,9.53745414,16208.79444,0.1,28.53779819,22566.1423,403.5,86.61739168,13893.51361,0.228571429,86.5749952
3177,24.5575,29.12622707,9.13745414,14672.54442,0.2,28.94383267,23841.36953,367.2,85.83182313,14526.30338,0.210526316,85.93915285
3179,24.3225,28.77372707,8.90245414,14180.50395,0.2,29.15245336,24390.03912,333.7,85.25618275,12523.37139,0.212121212,85.17163597
3180,24.73,29.27875,9.0975,15505.82049,0.075,29.2041775,22471.86148,306.2,80.24902448,13699.2901,0.083333333,82.36111111
3181,24.79,29.38997707,9.19995414,15018.07386,0.175,28.75245336,23451.77308,389.2,86.12492658,12825.3655,0.181818182,85.99053964
3182,24.82,29.51875,9.3975,15633.48119,0.15,29.04814302,22941.94612,389.2,80.76626586,17199.76968,0.227272727,82.25
3183,24.5575,29.0575,9,15314.59288,0.1,29.32831543,22685.084,282.9,79.86971413,13408.22808,0.083333333,82.41666667
3184,23.86844734,29.09170074,10.4465068,15670.00834,0.15,28.35957244,22911.46024,389.2,86.41049513,12494.87379,0.21875,86.316401
3185,24.8875,29.63372707,9.49245414,15896.171,0.125,28.59383267,22756.14729,398.4,86.56566755,12344.45108,0.25,86.410151
3188,25.015,29.92125,9.8125,15882.00017,0.05,28.89555681,21864.15756,320.7,81.90419689,7495.140816,0,82.15
3190,25.0675,29.875,9.615,15731.78276,0.05,28.8291775,22218.0579,318,81.42143827,5335.774504,0,81.5
3191,24.73,29.27875,9.0975,15505.82049,0.075,29.2041775,22471.86148,306.2,80.24902448,8008.659328,0.095238095,81.80952381
3192,24.31,28.81625,9.0125,14614.81444,0.15,29.53779819,22731.31063,260.1,79.22794101,14769.06523,0.128205128,82.12820513
3193,24.3575,28.8325,8.95,15132.60815,0.125,29.43003957,22715.79005,272.6,79.45592103,15464.89546,0.12195122,82.46341463
3194,24.73,29.27875,9.0975,15505.82049,0.075,29.2041775,22471.86148,306.2,80.24902448,9073.590692,0.083333333,82.08333333
3195,24.7725,29.3875,9.23,15588.595,0.05,29.08176371,22479.5339,306.6,80.52488655,10392.11212,0.071428571,82.64285714
3196,23.43961008,29.14480504,11.41038992,15890.94565,0.075,29.15269447,24624.36067,424.4,81.03709752,11417.78475,0.035714286,80.78112911
3197,23.45961008,29.19980504,11.48038992,15962.7622,0.075,29.14062551,24471.75175,427.4,81.08882166,11035.39539,0.037037037,80.73598574
3198,23.35961008,29.04730504,11.37538992,15855.62973,0.1,29.2130393,24629.69946,424.4,81.06590369,10237.24191,0.04,80.81346808
3202,23.35961008,29.04730504,11.37538992,15855.62973,0.1,29.2130393,24629.69946,424.4,81.06590369,11446.80442,0.035714286,80.80954301
3203,23.4594295,29.16471475,11.4105705,15899.71522,0.1,29.31390099,24601.90217,246.5,81.02481614,16212.65623,0.102564103,80.8119796
3204,23.5119284,29.1959642,11.3680716,16150.63547,0.1,29.25959103,24286.23596,256.6,81.02723648,11168.73271,0.148148148,80.90135933
3205,23.4194295,29.13971475,11.4405705,16017.45866,0.1,29.31734927,24389.58665,240.2,81.06003011,13771.81864,0.121212121,80.82437608
3206,23.4194295,29.13971475,11.4405705,16017.45866,0.1,29.31734927,24389.58665,240.2,81.06003011,14485.75682,0.114285714,80.81546036
3207,23.43772482,29.31136241,11.74727518,16301.30999,0.075,29.13709933,24249.64884,439.7,81.19571554,11004.58667,0,80.58628923
3208,24.8875,29.6275,9.48,15771.33664,0.05,28.99555681,22303.83284,317.6,81.00764517,9034.62915,0.041666667,82.41666667
3209,25.0675,29.9325,9.73,15671.54276,0.05,28.85934991,22079.7239,319,81.6455762,9059.434513,0,82.08333333
3211,24.73,29.27875,9.0975,15505.82049,0.075,29.2041775,22471.86148,306.2,80.24902448,13699.2901,0.083333333,82.36111111
3212,24.3575,28.8325,8.95,15132.60815,0.125,29.43003957,22715.79005,272.6,79.45592103,14238.77538,0.105263158,82.39473684
3213,24.82,29.51875,9.3975,15785.72792,0.05,29.04814302,22356.15162,306.6,80.76626586,10075.14891,0.074074074,82.55555556
3214,24.73,29.27875,9.0975,15505.82049,0.075,29.2041775,22471.86148,306.2,80.24902448,12391.87474,0.060606061,82.54545455
3215,24.73,29.27875,9.0975,15505.82049,0.075,29.2041775,22471.86148,306.2,80.24902448,8008.659328,0.095238095,81.80952381
3216,24.8875,29.6275,9.48,15771.33664,0.05,28.99555681,22303.83284,317.6,81.00764517,11771.41837,0.064516129,82.5483871
3217,24.3225,28.7725,8.9,14930.24955,0.125,29.48521198,22703.70013,272.6,79.29690653,14287.46932,0.105263158,82.47368421
3218,24.5575,29.0575,9,15314.59288,0.1,29.32831543,22685.084,282.9,79.86971413,10331.10876,0.107142857,82.32142857
3219,24.73,29.27875,9.0975,15505.82049,0.075,29.2041775,22471.86148,306.2,80.24902448,10177.18451,0.074074074,82.22222222
3220,24.755,29.3125,9.115,15076.68194,0.15,29.45862069,22381.37889,258.1,79.09960618,12566.99192,0.15625,80.48260687
3221,24.345,28.82875,8.9675,14594.57576,0.15,29.66969474,22680.3189,227.2,78.70305446,11677.9107,0.193548387,82.01430386
3222,24.44,28.89375,8.9075,14696.5214,0.15,29.68003957,22891.4274,227.2,78.65133032,13792.23075,0.166666667,81.40120611
3223,24.745,29.33,9.17,15178.35773,0.15,29.47931034,22439.92631,259.6,79.01339929,13296.32537,0.176470588,80.63068882
3224,24.3225,28.755,8.865,14849.7079,0.15,29.49728095,22754.59806,260.1,79.21069963,15494.51486,0.146341463,82.34146341
3225,24.555,29.01375,8.9175,15325.39939,0.15,29.62931034,22750.84686,255.9,78.78926136,17212.84845,0.133333333,81.232076
3227,25.0675,29.875,9.615,15731.78276,0.05,28.8291775,22218.0579,318,81.42143827,11344.25364,0.033333333,82.33333333
3228,24.73,29.27875,9.0975,15505.82049,0.075,29.2041775,22471.86148,306.2,80.24902448,12791.63962,0.058823529,82.41176471
3230,24.7725,29.3875,9.23,15588.595,0.05,29.08176371,22479.5339,306.6,80.52488655,12856.85043,0.088235294,82.5
3231,24.355,28.83625,8.9625,14658.38852,0.15,29.6903844,22774.84608,227.2,78.68581308,14234.79294,0.162162162,81.3903627
3237,24.48,28.92875,8.8975,15307.86942,0.15,29.72241379,22929.23636,255.9,78.65133032,12519.28968,0.181818182,81.43767939
3238,24.8875,29.6275,9.48,15771.33664,0.05,28.99555681,22303.83284,317.6,81.00764517,12959.27694,0.058823529,82.38235294
3267,24.79,29.34125,9.1025,15447.87574,0.075,29.13003957,22537.00573,306.6,80.33523138,13265.86674,0.085714286,82.48571429
3268,24.48,28.92875,8.8975,15307.86942,0.15,29.72241379,22929.23636,255.9,78.65133032,5867.513355,0.133333333,79.89622799
3270,24.315,28.79625,8.9625,14610.72058,0.15,29.6929706,22622.31264,227.2,78.6685717,16768.08101,0.136363636,82.10098681
3271,24.31,28.81625,9.0125,14614.81444,0.15,29.53779819,22731.31063,260.1,79.22794101,13283.73165,0.142857143,81.91428571
3273,24.3575,28.8325,8.95,15132.60815,0.125,29.43003957,22715.79005,272.6,79.45592103,15872.83825,0.119047619,82.30952381
3274,24.3175,28.82,9.005,14608.84379,0.15,29.57831543,22710.92973,242.8,79.09000997,13693.13868,0.166666667,81.94444444
3275,24.79,29.34125,9.1025,15447.87574,0.075,29.13003957,22537.00573,306.6,80.33523138,11958.45138,0.0625,82.6875
3276,24.8875,29.6275,9.48,15771.33664,0.05,28.99555681,22303.83284,317.6,81.00764517,13318.44643,0.057142857,82.22857143
3279,24.73,29.27875,9.0975,15505.82049,0.075,29.2041775,22471.86148,306.2,80.24902448,16676.58863,0.113636364,82.06818182
769,23.47461008,29.20480504,11.46038992,16006.30843,0.075,29.13717723,24582.03477,424.4,81.08882166,10507.06752,0.038461538,80.75643093
3312,23.45961008,29.19980504,11.48038992,15962.7622,0.075,29.14062551,24471.75175,427.4,81.08882166,10179.27176,0.04,80.74668817
3313,24.555,29.01375,8.9175,15325.39939,0.15,29.62931034,22750.84686,255.9,78.78926136,16147.91708,0.142857143,81.03436714
3314,24.3175,28.82,9.005,14608.84379,0.15,29.57831543,22710.92973,242.8,79.09000997,16307.59379,0.139534884,82.13953488
3315,24.48,28.92875,8.8975,15307.86942,0.15,29.72241379,22929.23636,255.9,78.65133032,14905.22142,0.153846154,81.24213897
3316,24.69,29.4925,9.605,15158.98424,0.175,29.36982759,22128.79011,262.6,79.0823648,16692.95208,0.162790698,81.24287023
3317,24.32,28.79875,8.9575,14773.84478,0.15,29.69469474,22604.08164,232.8,78.71069963,18750.21787,0.142857143,82.26530612
779,24.355,28.83625,8.9625,14658.38852,0.15,29.6903844,22774.84608,227.2,78.68581308,11765.41691,0.193548387,81.75623935
780,24.3525,28.82,8.935,14619.54771,0.15,29.62659129,22745.34443,236,78.91759618,11877.40568,0.193548387,81.64516129
3320,24.8875,29.6275,9.48,15771.33664,0.05,28.99555681,22303.83284,317.6,81.00764517,9734.646361,0.038461538,82.69230769
3321,24.435,28.89875,8.9275,15294.88735,0.1,29.3653844,22731.08104,272.6,79.59385207,12694.6687,0.117647059,82.44117647
3322,24.3525,28.82,8.935,14619.54771,0.15,29.62659129,22745.34443,236,78.91759618,11877.40568,0.193548387,81.64516129
3323,24.73,29.27875,9.0975,15505.82049,0.075,29.2041775,22471.86148,306.2,80.24902448,8654.815126,0.086956522,82.04347826
786,24.73,29.27875,9.0975,15505.82049,0.075,29.2041775,22471.86148,306.2,80.24902448,11662.51809,0.064516129,82.4516129
3326,24.5275,28.96,8.865,15260.72866,0.15,29.67844828,22824.09625,255.9,78.72029584,15758.62585,0.146341463,81.08398585
3328,24.3575,28.8325,8.95,15132.60815,0.125,29.43003957,22715.79005,272.6,79.45592103,15872.83825,0.119047619,82.30952381
3329,24.765,29.5425,9.555,14400.01433,0.2,29.39741379,22709.40709,212.6,78.72029584,15115.50924,0.179487179,81.16521589
3330,24.31,28.81625,9.0125,14614.81444,0.15,29.53779819,22731.31063,260.1,79.22794101,15898.18676,0.119047619,82.11904762
3331,24.355,28.83625,8.9625,14658.38852,0.15,29.6903844,22774.84608,227.2,78.68581308,15994.75409,0.142857143,81.72484333
3332,24.345,28.82875,8.9675,14594.57576,0.15,29.66969474,22680.3189,227.2,78.70305446,17114.73249,0.133333333,81.98763155
3333,24.73,29.27875,9.0975,15505.82049,0.075,29.2041775,22471.86148,306.2,80.24902448,13234.18173,0.085714286,82.48571429
3334,24.73,29.27875,9.0975,15505.82049,0.075,29.2041775,22471.86148,306.2,80.24902448,14425.70249,0.078947368,82.31578947
3335,24.6725,29.32625,9.3075,15196.15365,0.15,29.46896552,22454.76088,253.8,78.97891653,17238.40168,0.133333333,81.27652044
807,24.745,29.33,9.17,15178.35773,0.15,29.47931034,22439.92631,259.6,79.01339929,19592.48186,0.117647059,81.20477294
3337,24.6725,29.32625,9.3075,15196.15365,0.15,29.46896552,22454.76088,253.8,78.97891653,18881.12665,0.12244898,81.15190653
3339,24.595,29.10625,9.0225,15396.85547,0.15,29.58448276,22635.63926,257.8,78.94443377,17952.51918,0.127659574,81.11581744
3340,24.6375,29.33375,9.3925,15263.79068,0.175,29.49655172,22441.0481,253.4,78.82374411,22540.51433,0.101694915,81.54988847
3341,24.6375,29.33375,9.3925,15263.79068,0.175,29.49655172,22441.0481,253.4,78.82374411,15310.21857,0.15,81.4860855
3342,24.6375,29.33375,9.3925,15263.79068,0.175,29.49655172,22441.0481,253.4,78.82374411,19586.67278,0.117647059,81.28320431
3343,24.71,29.35,9.28,15239.27506,0.15,29.47068966,22480.59248,253.4,78.97891653,18419.15508,0.125,81.17590458
3344,24.705,29.26,9.11,15193.95005,0.15,29.47931034,22364.94265,259.7,79.1685717,21027.90944,0.109090909,81.38988036
3345,24.5575,29.0575,9,15314.59288,0.1,29.32831543,22685.084,282.9,79.86971413,19802.61978,0.111111111,82.51851852
3346,24.745,29.33,9.17,15178.35773,0.15,29.47931034,22439.92631,259.6,79.01339929,21136.09252,0.109090909,81.33533491
3347,24.5575,29.0575,9,15314.59288,0.1,29.32831543,22685.084,282.9,79.86971413,16873.13903,0.111111111,82.13333333
3348,24.6375,29.33375,9.3925,15263.79068,0.175,29.49655172,22441.0481,253.4,78.82374411,18279.83302,0.125,81.48840458
825,24.48,28.92875,8.8975,15307.86942,0.15,29.72241379,22929.23636,255.9,78.65133032,15969.46424,0.142857143,81.2962719
828,24.755,29.3125,9.115,15076.68194,0.15,29.45862069,22381.37889,258.1,79.09960618,18221.35937,0.127659574,80.96688127
834,24.82,29.51875,9.3975,15785.72792,0.05,29.04814302,22356.15162,306.6,80.76626586,17112.35025,0.108695652,82.45652174
836,24.4575,28.9025,8.89,15070.35886,0.15,29.76206897,22916.1731,254.8,78.5823648,17583.49167,0.130434783,81.53137869
841,24.755,29.3125,9.115,15076.68194,0.15,29.45862069,22381.37889,258.1,79.09960618,18867.51517,0.12244898,81.1110902
1778,24.4575,28.9025,8.89,15070.35886,0.15,29.76206897,22916.1731,254.8,78.5823648,16039.88101,0.142857143,81.39151
3690,24.745,29.33,9.17,15178.35773,0.15,29.47931034,22439.92631,259.6,79.01339929,16466.7385,0.139534884,81.24287023
3698,24.82,29.51875,9.3975,15785.72792,0.05,29.04814302,22356.15162,306.6,80.76626586,15795.5014,0.119047619,82.21428571
3699,24.705,29.26,9.11,15193.95005,0.15,29.47931034,22364.94265,259.7,79.1685717,18210.581,0.127659574,80.88177489
3701,24.44,28.89375,8.9075,14696.5214,0.15,29.68003957,22891.4274,227.2,78.65133032,17436.21023,0.130434783,81.81398739
3713,24.595,29.10625,9.0225,15396.85547,0.15,29.58448276,22635.63926,257.8,78.94443377,17193.3324,0.133333333,81.14318711
3732,24.32,28.79875,8.9575,14773.84478,0.15,29.69469474,22604.08164,232.8,78.71069963,17524.09779,0.130434783,82.19565217
3739,24.355,28.83625,8.9625,14658.38852,0.15,29.6903844,22774.84608,227.2,78.68581308,17480.08768,0.130434783,81.92268304
3741,24.435,28.89875,8.9275,15294.88735,0.1,29.3653844,22731.08104,272.6,79.59385207,17987.05489,0.145833333,82.1875
3744,24.355,28.83625,8.9625,14658.38852,0.15,29.6903844,22774.84608,227.2,78.68581308,17480.08768,0.130434783,81.92268304
3751,24.315,28.79625,8.9625,14610.72058,0.15,29.6929706,22622.31264,227.2,78.6685717,13522.78628,0.171428571,81.58409771
3775,24.435,28.89875,8.9275,15294.88735,0.1,29.3653844,22731.08104,272.6,79.59385207,14266.33234,0.131578947,82.47368421
3815,24.6475,29.1575,9.02,15545.39475,0.075,29.27141888,22560.22961,282.7,80.05936931,16964.54597,0.133333333,82.11111111
3816,24.345,28.82875,8.9675,14594.57576,0.15,29.66969474,22680.3189,227.2,78.70305446,13869.43776,0.166666667,81.45676166
3817,24.6475,29.1575,9.02,15545.39475,0.075,29.27141888,22560.22961,282.7,80.05936931,17242.86163,0.130434783,82.2173913
3818,24.3225,28.7725,8.9,14930.24955,0.125,29.48521198,22703.70013,272.6,79.29690653,19223.64012,0.137254902,82.17647059
3819,24.7725,29.3875,9.23,15588.595,0.05,29.08176371,22479.5339,306.6,80.52488655,16485.60586,0.113636364,82.29545455
3821,24.69804972,28.49152486,7.586950277,15428.23293,0.225,28.75369919,20859.1313,136.6,87.13529919,13471.73064,0.058823529,82.6023803
3825,24.67101632,28.48800816,7.633983677,15256.6439,0.225,28.73818195,20862.66502,149.4,82.20689655,11220.89731,0.071428571,77.25
3826,24.95341841,28.5642092,7.221581594,15210.99076,0.25,28.78645781,20497.21466,122.4,87.10017821,12188.24262,0.066666667,82.01603101
3828,24.3575,28.74125,8.7675,14854.24983,0.075,28.64396552,21312.92072,255.7,82.32758621,18006.83154,0,74.65853659
3830,24.3925,28.84625,8.9075,15029.29642,0.1,28.6112069,21310.68736,241.9,82.46551724,14463.3369,0,74.60606061
3849,24.4575,28.85375,8.7925,14927.12854,0.1,28.59482759,21365.12463,241.9,82.37931034,16798.36557,0,73.97368421
3853,24.53,28.865,8.67,14749.04884,0.075,28.61896552,21596.29549,249,82.20689655,14432.6481,0,76.05882353
3856,24.33,28.6625,8.665,14733.47391,0.15,28.76724138,21823.24661,159.8,81.4137931,15188.79185,0,74.05882353
3857,24.2925,28.64375,8.7025,14752.46935,0.125,28.75862069,21634.21982,189.7,81.86206897,14293.01683,0,74.03125
3911,24.0125,28.34625,8.6675,14512.39412,0.175,29.11724138,22540.06624,109.7,79.93103448,21819.31736,0,73.14285714
3912,23.9875,28.30375,8.6325,14410.85313,0.175,29.17931034,22604.94844,109.7,79.79310345,21864.94441,0,73.10204082
3913,25.005,28.5375,7.065,14708.62095,0.2,28.95542333,20785.70263,114.5,86.13466097,14095.47256,0.028571429,81.98516943
3914,24.225,28.57,8.69,14606.62188,0.15,28.83275862,22132.60204,156.6,81.05172414,16932.19991,0,73.71052632
2030,24.87,28.4875,7.235,15185.00412,0.2,29.12956126,21418.00189,89.1,85.15190235,10881.50624,0.035714286,82.41003322
3916,24.73,28.2625,7.065,13512.0519,0.15,29.22124771,22336.61815,163.8,83.97028433,13749.65545,0.027777778,82.44444444
3917,23.30424856,27.68515219,8.761807259,14260.26699,0.075,28.02903916,23014.42232,158.3,82.98080176,16498.69472,0.027027027,77.76878908
3918,24.83,28.395,7.13,14508.86729,0.15,29.21090288,21912.39381,63.8,84.48752571,12648.7884,0.058823529,82.26470588
3920,24.82,28.4625,7.285,13956.84196,0.1,29.17469599,22720.53977,163.8,83.36683605,11855.03845,0.032258065,82.41935484
3921,24.79,28.3725,7.165,13316.26555,0.1,29.18848909,23085.60793,163.8,83.60821536,12923.25362,0.029411765,82.26470588
3923,24.89,28.495,7.21,15200.03578,0.2,29.11779944,21458.54681,89.1,84.98778045,14304.51098,0.052631579,82.39473684
3924,24.77,28.3275,7.115,14057.87923,0.15,29.2298684,21941.39192,163.8,84.1599395,15798.90497,0.024390244,82.34146341
3926,24.73,28.2625,7.065,13512.0519,0.15,29.22124771,22336.61815,163.8,83.97028433,13749.65545,0.027777778,82.44444444
3927,24.33,28.6625,8.665,14733.47391,0.15,28.76724138,21823.24661,159.8,81.4137931,20412.93613,0,73.7826087
3930,24.0425,28.47125,8.8575,14848.20902,0.175,28.99827586,22236.90457,128.6,80.67241379,18236.04983,0,73.48780488
3931,24.045,28.48,8.87,14777.3866,0.175,28.96206897,22174.69514,127.1,80.84482759,19938.40048,0,73.57777778
2047,24.86,28.4325,7.145,14905.89335,0.2,29.09852678,21434.30538,89.1,85.23810924,15262.1404,0.05,82.31202326
3936,23.9575,28.24625,8.5775,14738.39683,0.175,29.30948276,23827.38287,31.3,77.60344828,15001.36257,0,72.97058824
3937,24.89072766,28.62286383,7.464272342,13662.96873,0.1,29.02444507,22858.34457,113.8,83.15551824,11923.95269,0.032258065,82.29032258
3939,24.94572766,28.79286383,7.694272342,13972.7159,0.1,28.97961749,22682.22791,113.8,82.83587811,13617.49433,0.057142857,82.25714286
3940,24.94572766,28.79286383,7.694272342,13972.7159,0.1,28.97961749,22682.22791,113.8,82.83587811,12073.06716,0.032258065,82.22580645
3942,24.255,28.63,8.75,14788.74921,0.15,28.79137931,21950.8952,159.6,81.25862069,22109.47262,0,73.7
2057,24.255,28.63,8.75,14788.74921,0.15,28.79137931,21950.8952,159.6,81.25862069,21670.8693,0,73.69387755
2063,23.9575,28.28125,8.6475,14397.48271,0.175,29.19655172,22613.7296,109.7,79.70689655,22319.9712,0,72.96
3945,24.77,28.3275,7.115,14057.87923,0.15,29.2298684,21941.39192,163.8,84.1599395,13378.15601,0.028571429,82.34285714
2065,25.035,28.55,7.03,14769.98145,0.2,28.96231988,20918.17427,114.5,85.91052304,17531.72744,0.044444444,82.14402067
2066,24.8,28.3775,7.155,14550.35188,0.175,29.18676495,21873.42558,63.8,84.62571149,13349.69186,0.055555556,82.30555556
3958,24.935,28.495,7.12,14802.13813,0.2,29.01921643,21173.18529,105.6,85.56569545,14694.44041,0.052631579,82.27581395
2068,24.805,28.3825,7.155,13459.32765,0.1,29.18331668,22923.8841,163.8,83.53924985,13504.04605,0.028571429,82.31428571
3961,24.99072766,28.84286383,7.704272342,14116.3105,0.1,28.93306576,22466.47943,128.9,82.83587811,14940.10893,0.027027027,82.16216216
2070,24.92572766,28.63536383,7.419272342,13602.44849,0.1,28.99341059,22915.24067,113.8,83.03482859,13489.55215,0.057142857,82.17142857
2071,24.73,28.2625,7.065,13512.0519,0.15,29.22124771,22336.61815,163.8,83.97028433,15908.82204,0.024390244,82.34146341
2072,24.77,28.3275,7.115,14057.87923,0.15,29.2298684,21941.39192,163.8,84.1599395,14188.85609,0.027027027,82.45945946
2074,25.00572766,28.76786383,7.524272342,13866.45041,0.1,28.96582438,22776.77196,113.8,82.91413893,12398.06324,0.03125,82.28125
2076,25.17572766,29.02286383,7.694272342,14206.91034,0.075,28.8847899,22489.53544,127.5,82.45656776,13451.03276,0.03030303,82.24242424
2077,25.24072766,29.12786383,7.774272342,14353.36762,0.05,28.94513473,22848.70159,127.5,81.99105052,13620.99248,0.03030303,82
3981,24.87,28.4875,7.235,15185.00412,0.2,29.12956126,21418.00189,89.1,85.15190235,17547.53907,0.043478261,82.44523761
3983,24.8,28.3775,7.155,14550.35188,0.175,29.18676495,21873.42558,63.8,84.62571149,15547.32892,0.048780488,82.43902439
3984,24.845,28.46,7.23,15071.31613,0.175,29.14366151,21658.74596,81.3,84.88433218,13893.85887,0.054054054,82.40540541
2098,24.935,28.495,7.12,14802.13813,0.2,29.01921643,21173.18529,105.6,85.56569545,14071.68061,0.027777778,82.29113695
2099,24.82,28.4625,7.285,13956.84196,0.1,29.17469599,22720.53977,163.8,83.36683605,14745.36178,0.026315789,82.34210526
2100,24.89072766,28.62286383,7.464272342,13662.96873,0.1,29.02444507,22858.34457,113.8,83.15551824,13528.47739,0.028571429,82.25714286
2101,24.82,28.4625,7.285,13956.84196,0.1,29.17469599,22720.53977,163.8,83.36683605,13545.5217,0.028571429,82.51428571
2102,24.8,28.3775,7.155,14550.35188,0.175,29.18676495,21873.42558,63.8,84.62571149,12779.97303,0.058823529,82.32352941
2103,24.82,28.4625,7.285,13956.84196,0.1,29.17469599,22720.53977,163.8,83.36683605,14262.02776,0.027027027,82.48648649
2104,24.79,28.29,7,13132.50077,0.125,29.2298684,22960.24572,163.8,83.67718088,12902.7528,0.029411765,82.47058824
2105,24.805,28.3825,7.155,13459.32765,0.1,29.18331668,22923.8841,163.8,83.53924985,15011.17551,0.025641026,82.33333333
4161,24.73,28.2625,7.065,13512.0519,0.15,29.22124771,22336.61815,163.8,83.97028433,15908.82204,0.024390244,82.34146341
4162,24.77,28.3275,7.115,14404.67836,0.175,29.2298684,22736.45634,109.7,79.5862069,19283.26344,0,72.93023256
2109,24.845,28.46,7.23,15071.31613,0.175,29.14366151,21658.74596,81.3,84.88433218,14463.5777,0.051282051,82.38461538
4165,24.83,28.395,7.13,14508.86729,0.15,29.21090288,21912.39381,63.8,84.48752571,15195.51488,0.05,82.475
4166,24.8,28.3775,7.155,14550.35188,0.175,29.18676495,21873.42558,63.8,84.62571149,15547.32892,0.048780488,82.43902439
4167,24.79,28.3725,7.165,13316.26555,0.1,29.18848909,23085.60793,163.8,83.60821536,14908.28172,0.025641026,82.35897436
4251,23.9675,28.31625,8.6975,14575.70841,0.15,29.08275862,22478.02236,129.3,80.18965517,14000.71268,0,73.32258065
4252,23.9675,28.31625,8.6975,14575.70841,0.15,29.08275862,22478.02236,129.3,80.18965517,19069.6855,0,73.3255814
4376,24.92072766,28.60286383,7.364272342,13852.63066,0.125,29.05892783,22561.93041,113.8,83.30301798,12372.26237,0.03125,82.375
4377,24.74,28.2575,7.035,13398.77363,0.125,29.24538564,22587.79378,163.8,83.79787054,12952.7238,0.029411765,82.52941176
4378,24.85,28.375,7.05,14329.66687,0.175,29.20400633,22024.67558,63.8,84.59097398,17136.53194,0.044444444,82.35555556
4379,24.83,28.395,7.13,14508.86729,0.15,29.21090288,21912.39381,63.8,84.48752571,13962.50537,0.054054054,82.2972973
4390,24.86,28.4325,7.145,14905.89335,0.2,29.09852678,21434.30538,89.1,85.23810924,13773.06424,0.055555556,82.40224806
4391,25.00572766,28.76786383,7.524272342,14767.97377,0.175,28.96582438,24494.63599,14.9,82.91413893,4051.181842,0,82.22222222
4414,24.88072766,28.61286383,7.464272342,13704.18206,0.1,29.03306576,22770.26066,113.8,83.25896652,14326.53899,0.027027027,82.24324324
4417,25.05572766,28.78536383,7.459272342,13753.34004,0.1,28.95720369,22718.68485,113.8,82.81069066,12461.1633,0.03125,82.25
4419,24.83393869,28.53196935,7.39606131,13995.12547,0.1,29.11816541,22831.97702,143.8,83.42370763,12317.85332,0.03125,82.40625
4421,24.86,28.4275,7.135,14785.19673,0.2,29.16952357,21887.81449,63.8,84.79812528,13737.44073,0.054054054,82.37837838
4434,24.77,28.3275,7.115,14057.87923,0.15,29.2298684,21941.39192,163.8,84.1599395,15798.90497,0.024390244,82.34146341
4439,24.87,28.4875,7.235,15185.00412,0.2,29.12956126,21418.00189,89.1,85.15190235,16310.89384,0.046511628,82.31351001
2447,24.75,28.3125,7.125,13788.32539,0.15,29.21952357,22101.05338,163.8,84.14269812,16339.83243,0.023809524,82.35714286
2449,24.89,28.495,7.21,15200.03578,0.2,29.11779944,21458.54681,89.1,84.98778045,14304.51098,0.052631579,82.39473684
2450,24.79,28.275,6.97,13314.2467,0.125,29.24883392,22727.40629,163.8,83.71166364,14174.67655,0.027027027,82.37837838
2452,25.1748606,28.7599303,7.170139401,15569.62426,0.225,28.77438885,20243.17356,122.4,86.97948855,16182.66877,0.05,81.76202326
2454,24.845,28.46,7.23,15071.31613,0.175,29.14366151,21658.74596,81.3,84.88433218,14463.5777,0.051282051,82.38461538
4564,24.0375,28.41625,8.7575,14702.50264,0.175,29.03965517,22395.11415,128.6,80.4137931,20301.14637,0,73.54347826
4565,24.0375,28.41625,8.7575,14702.50264,0.175,29.03965517,22395.11415,128.6,80.4137931,20783.58556,0,73.53191489
4566,24.045,28.48,8.87,14777.3866,0.175,28.96206897,22174.69514,127.1,80.84482759,17865.7354,0,73.575
4567,24.045,28.48,8.87,14777.3866,0.175,28.96206897,22174.69514,127.1,80.84482759,17456.0252,0,73.58974359
4570,24.0425,28.47125,8.8575,14848.20902,0.175,28.99827586,22236.90457,128.6,80.67241379,18236.04983,0,73.48780488
2502,23.9925,28.36625,8.7475,14713.03678,0.175,29.06724138,22406.50915,129.3,80.27586207,17766.46814,0,73.425
2503,24.0125,28.34625,8.6675,14512.39412,0.175,29.11724138,22540.06624,109.7,79.93103448,19202.85703,0,73.23255814
2504,24.0225,28.30625,8.5675,14390.09245,0.15,29.10344828,22609.97177,129.3,79.98275862,20542.5642,0,73.19565217
4577,24.0225,28.30625,8.5675,14390.09245,0.15,29.10344828,22609.97177,129.3,79.98275862,20066.36681,0,73.24444444
4597,23.9875,28.30375,8.6325,14410.85313,0.175,29.17931034,22604.94844,109.7,79.79310345,18349.13384,0,73.17073171
4598,23.9575,28.28125,8.6475,14397.48271,0.175,29.19655172,22613.7296,109.7,79.70689655,18374.71611,0,73.12195122
4599,24.0375,28.41625,8.7575,14702.50264,0.175,29.03965517,22395.11415,128.6,80.4137931,23032.90724,0,73.34615385
2523,24.0425,28.47125,8.8575,14848.20902,0.175,28.99827586,22236.90457,128.6,80.67241379,21748.48426,0,73.48979592
2526,24.0375,28.46375,8.8525,14788.14784,0.175,28.98275862,22086.62894,128.1,80.82758621,19587.73914,0,73.45454545
4610,24.0425,28.47125,8.8575,14848.20902,0.175,28.99827586,22236.90457,128.6,80.67241379,17366.42167,0,73.46153846
4611,25.155,28.655,7,15045.66099,0.225,28.85542333,20484.42207,107.4,86.65190235,27398.41281,0.043478261,81.92001348
4614,24.935,28.495,7.12,14802.13813,0.2,29.01921643,21173.18529,105.6,85.56569545,16183.51658,0.047619048,82.20192691
4615,24.83,28.395,7.13,14508.86729,0.15,29.21090288,21912.39381,63.8,84.48752571,13609.78023,0.055555556,82.25
4616,24.77,28.3275,7.115,14404.67836,0.175,29.2298684,22736.45634,109.7,79.5862069,17403.18504,0,73.07692308
4618,24.85,28.375,7.05,14390.09245,0.15,29.20400633,22609.97177,129.3,84.59097398,17864.28301,0,82.4
2554,24.83,28.395,7.13,14512.39412,0.175,29.21090288,22540.06624,109.7,84.48752571,16183.06664,0,82.25
4628,24.77,28.3275,7.115,14404.67836,0.175,29.2298684,22736.45634,109.7,79.5862069,17403.18504,0,73.07692308
4629,24.945,28.4975,7.105,14606.62188,0.15,29.02783712,22132.60204,156.6,85.41052304,19027.23327,0,82.24374256
2562,24.8,28.3775,7.155,14550.35188,0.175,29.18676495,21873.42558,63.8,84.62571149,14663.40883,0.051282051,82.33333333
2564,24.4325,28.77125,8.6775,14738.29482,0.1,28.64310345,21433.19403,237.2,82.22413793,16964.79013,0,73.92105263
2565,25.045,28.565,7.04,14733.47391,0.15,28.97094057,21823.24661,159.8,81.4137931,17445.55381,0,73.97435897
2566,24.83,28.375,7.09,14410.85313,0.175,29.23848909,22604.94844,109.7,79.79310345,16236.14963,0,73
2567,24.805,28.3825,7.155,13459.32765,0.1,29.18331668,22923.8841,163.8,83.53924985,14589.2143,0.026315789,82.34210526
2569,24.77,28.3275,7.115,14057.87923,0.15,29.2298684,21941.39192,163.8,84.1599395,14188.85609,0.027027027,82.45945946
4637,24.2925,28.64375,8.7025,14752.46935,0.125,28.75862069,21634.21982,189.7,81.86206897,14766.12578,0,73.90909091
2575,24.79,28.29,7,13132.50077,0.125,29.2298684,22960.24572,163.8,83.67718088,15729.3271,0.024390244,82.43902439
2576,24.89,28.495,7.21,15200.03578,0.2,29.11779944,21458.54681,89.1,84.98778045,17071.86687,0.044444444,82.48888889
4640,24.83,28.395,7.13,14508.86729,0.15,29.21090288,21912.39381,63.8,84.48752571,13609.78023,0.055555556,82.25
2578,24.86,28.4275,7.135,14785.19673,0.2,29.16952357,21887.81449,63.8,84.79812528,13737.44073,0.054054054,82.37837838
4642,24.5325,28.9219472,8.778894401,15221.05988,0.225,28.51565692,22515.62273,243.1,79.10161833,18685.24873,0.152173913,79.36742152
2580,24.3625,28.7809267,8.836853402,15270.45204,0.25,28.48845972,23140.45692,246.5,78.79402933,14478.69566,0.138888889,79.57615421
2581,24.1875,28.6571767,8.939353402,15355.27158,0.275,28.54036526,23476.86292,214.1,78.52183436,13478.718,0.147058824,79.8307664
2582,24.1875,28.6571767,8.939353402,15355.27158,0.275,28.54036526,23476.86292,214.1,78.52183436,14875.42141,0.184210526,80.09579399
2583,24.815,29.08857104,8.547142083,15989.98743,0.225,28.56251228,23969.72071,284,79.03533641,7863.15472,0,78.37983583
2584,24.4025,28.8171767,8.829353402,15261.30464,0.275,28.52679089,23106.43442,235.7,78.74310332,13075.4096,0.1875,79.29701919
2585,23.81742672,28.15617672,8.6775,14957.98727,0.15,28.79317273,22419.07821,414.7,83.54612484,16022.36057,0.263157895,84.51312347
2586,24.4725,28.8734267,8.801853402,15320.62838,0.25,28.51793883,22778.46092,239,78.98394956,14393.85435,0.171428571,79.15815806
2587,23.55675815,28.63175815,10.15,16742.53891,0.125,28.983317,23693.47174,331.7,80.89982759,14335.56594,0.147058824,80.76258075
2588,23.5384251,28.7659251,10.455,16959.89466,0.1,28.89956967,23706.82096,302.7,80.85077006,16172.71511,0.157894737,80.63712833
2589,23.83,28.37,9.08,16491.428,0.225,27.90173463,23779.6156,190.2,83.34156232,15403.89488,0.052631579,82.83571068
2591,24.2325,28.6859267,8.906853402,15322.65155,0.25,28.52682179,23404.9477,245.1,78.58738264,15697.3517,0.175,80.1948358
2592,24.5325,28.9219472,8.778894401,15221.05988,0.225,28.51565692,22515.62273,243.1,79.10161833,16857.47393,0.170731707,79.13928643
2594,24.91,29.09470102,8.369402037,14700.19551,0.15,28.64370101,22426.51975,324.6,78.92045178,15487.29347,0.222222222,78.5557744
2595,23.63,28.19,9.12,15355.27158,0.275,27.87478505,23476.86292,214.1,83.13876827,14875.42141,0.184210526,83.1673325
2596,24.2325,28.6859267,8.906853402,15322.65155,0.25,28.52682179,23404.9477,245.1,78.58738264,14262.42911,0.138888889,79.92313821
2597,23.8,28.325,9.05,16403.47834,0.2,27.97604587,23934.26995,212.6,83.2777772,15287.48744,0.026315789,82.93704419
4664,24.845,29.06476394,8.439527888,14845.46189,0.15,28.60568877,22319.7905,330.5,78.95513232,15789.44482,0.216216216,78.79054411
2618,24.4675,28.86810786,8.801215726,15353.37098,0.25,28.53920379,22807.70402,238.7,78.96154613,14730.04701,0.166666667,79.16208142
2619,23.865,28.3525,8.975,16250.95807,0.2,28.0400503,23946.06506,288.1,83.39158696,16917.77681,0.023809524,82.84001875
2620,23.86,28.365,9.01,16263.26009,0.2,28.00501396,23910.96036,295.6,83.33820413,13701.92932,0,82.90857614
2621,23.945,28.39,8.89,16226.42394,0.2,28.05389352,23985.16796,289.1,83.35035772,15269.28824,0.026315789,82.90893332
2623,23.81,28.2775,8.935,16227.13316,0.175,28.02314595,24041.32593,292.2,83.19686759,15316.81174,0.026315789,82.88353976
2624,23.9850846,28.50262915,9.035089102,15131.58793,0.175,28.18966887,24203.2369,273.8,78.56635776,14797.93744,0.175,80.78111504
2626,24.1775,28.6446767,8.934353402,15207.064,0.275,28.50436542,23722.31975,214.1,78.5136013,15129.17327,0.179487179,80.07570928
2628,23.91650167,28.42992837,9.026853402,15272.72375,0.225,28.32876678,23880.35135,271.1,78.589466,14867.33914,0.205128205,80.2159761
2629,24.4725,28.8734267,8.801853402,15320.62838,0.25,28.51793883,22778.46092,239,78.98394956,15162.34708,0.162162162,79.22553005
2630,24.815,29.08857104,8.547142083,14841.05526,0.15,28.56251228,22333.73798,341.5,79.03533641,17665.87551,0.19047619,78.95040046
2632,24.2925,28.7959267,9.006853402,15429.55358,0.25,28.47530777,23213.60652,245.1,78.7384277,14370.609,0.138888889,79.79676789
2633,24.3625,28.7809267,8.836853402,15270.45204,0.25,28.48845972,23140.45692,246.5,78.79402933,14237.54555,0.142857143,79.35698548
3336,24.5225,28.79810511,8.551210214,15082.02682,0.25,28.55871821,22662.63155,221.8,78.79657692,15696.45436,0.184210526,79.12549328
2292,24.4675,28.77435786,8.613715726,15128.72763,0.25,28.57593047,22776.29838,239.9,78.76491249,15560.51235,0.157894737,79.24314953
2442,24.4525,28.8809267,8.856853402,15301.82411,0.275,28.53094968,23027.94772,237.7,78.81800081,13875.06549,0.176470588,79.36333699
2935,24.5325,28.9219472,8.778894401,15221.05988,0.225,28.51565692,22515.62273,243.1,79.10161833,16153.8465,0.179487179,79.03342809
2403,24.09273281,28.71523281,9.245,15335.62439,0.125,27.56974765,23726.82382,244,79.32504856,10547.12978,0.24137931,80.9949449
2553,24.1375,28.5934267,8.911853402,15174.77123,0.275,28.43317975,23796.33502,239,78.63161833,23218.79054,0.177419355,80.56511653
2826,24.4525,28.8809267,8.856853402,15301.82411,0.275,28.53094968,23027.94772,237.7,78.81800081,16034.5005,0.15,79.67142804
2300,24.645,28.9631972,8.636394401,14943.57503,0.175,28.53058579,22447.11748,262.5,79.05160755,18566.86098,0.177777778,79.19565038
2763,24.605,28.9494472,8.688894401,15050.73793,0.2,28.52874957,22467.56048,246.7,79.05559148,18165.22419,0.181818182,79.17211816
2738,24.605,28.9494472,8.688894401,15050.73793,0.2,28.52874957,22467.56048,246.7,79.05559148,18165.22419,0.181818182,79.17211816
2923,24.13,28.44736574,8.634731486,15989.98743,0.225,28.0596981,23969.72071,284,83.29850481,17331.36264,0.023255814,83.0073575
2924,23.865,28.3525,8.975,16250.95807,0.2,28.0400503,23946.06506,288.1,83.39158696,14915.33371,0.027027027,82.84184244
2889,23.81,28.295,8.97,16263.99846,0.2,28.00788553,23978.66831,212.2,83.27281806,15309.43896,0.026315789,82.91553846
2897,24.01,28.405,8.79,16158.21495,0.225,28.03769975,23912.6144,284,83.47416981,14587.29256,0,82.94445311
2748,23.935,28.3925,8.915,16235.30186,0.2,28.02966895,23897.37465,284,83.50230886,17719.86416,0.022727273,82.88315721
2942,24.05,28.40486574,8.709731486,16089.42787,0.225,28.06107133,23918.1009,284,83.41971988,15741.37713,0,82.93743607
2945,23.935,28.3925,8.915,16235.30186,0.2,28.02966895,23897.37465,284,83.50230886,15270.4949,0,82.92309666
2939,23.945,28.39,8.89,16226.42394,0.2,28.05389352,23985.16796,289.1,83.35035772,14407.8319,0,82.94963003
2938,23.875,28.3575,8.965,16278.38991,0.2,27.98908582,23852.6188,293.9,83.32578004,13330.49983,0,82.89733897
3044,23.865,28.285,8.84,16049.1058,0.2,28.01213788,24076.29156,293.9,83.20893831,13737.14029,0.029411765,82.90417035
3048,23.875,28.3575,8.965,16278.38991,0.2,27.98908582,23852.6188,293.9,83.32578004,16594.76919,0.024390244,82.87118699
3178,24.01,28.405,8.79,16158.21495,0.225,28.03769975,23912.6144,284,83.47416981,18563.46138,0.02173913,82.85887808
3201,24.4725,28.8734267,8.801853402,15320.62838,0.25,28.51793883,22778.46092,239,78.98394956,15162.34708,0.162162162,79.22553005
3229,24.4525,28.8809267,8.856853402,15301.82411,0.275,28.53094968,23027.94772,237.7,78.81800081,11616.86456,0.214285714,79.16151015
3297,23.935,28.3925,8.915,16235.30186,0.2,28.02966895,23897.37465,284,83.50230886,15270.4949,0,82.92309666
3298,23.83,28.37,9.08,16491.428,0.225,27.90173463,23779.6156,190.2,83.34156232,14559.37931,0.027777778,82.85564706
3300,23.865,28.285,8.84,16049.1058,0.2,28.01213788,24076.29156,293.9,83.20893831,13737.14029,0.029411765,82.90417035
3301,23.945,28.39,8.89,16226.42394,0.2,28.05389352,23985.16796,289.1,83.35035772,14407.8319,0,82.94963003
3318,24.4725,28.8734267,8.801853402,16491.428,0.225,28.51793883,23779.6156,190.2,78.98394956,14159.00938,0.028571429,79.15815806
3319,23.81,28.2775,8.935,16227.13316,0.175,28.02314595,24041.32593,292.2,83.19686759,14881.21773,0.027027027,82.87562629
3324,23.945,28.39,8.89,16226.42394,0.2,28.05389352,23985.16796,289.1,83.35035772,14822.36208,0,82.94299566
4561,24.4525,28.8809267,8.856853402,16501.16641,0.225,28.53094968,23862.80701,174.8,78.81800081,15114.03521,0.052631579,79.53555805
4568,23.81,28.295,8.97,16263.99846,0.2,28.00788553,23978.66831,212.2,83.27281806,15309.43896,0.026315789,82.91553846
4569,23.8,28.315,9.03,16382.42257,0.225,27.8888781,23873.94282,174.8,83.33736972,15766.3228,0.075,83.02104856
4612,23.86,28.365,9.01,16263.26009,0.2,28.00501396,23910.96036,295.6,83.33820413,13701.92932,0,82.90857614
4613,24.5325,28.9219472,8.778894401,16263.26009,0.2,28.51565692,23910.96036,295.6,79.10161833,14926.18329,0.027027027,79.03027411
4620,23.83,28.37,9.08,16491.428,0.225,27.90173463,23779.6156,190.2,83.34156232,14992.11372,0.027027027,82.83535519
4621,23.875,28.3575,8.965,16278.38991,0.2,27.98908582,23852.6188,293.9,83.32578004,16594.76919,0.024390244,82.87118699
4623,23.83,28.37,9.08,16491.428,0.225,27.90173463,23779.6156,190.2,83.34156232,17838.69445,0.066666667,83.01561709
4633,23.725,28.29,9.13,16504.56336,0.225,27.83341059,23873.69006,175.6,83.21181423,18767.92455,0.083333333,83.22620147
4634,23.635,28.195,9.12,16424.62762,0.225,27.86444022,23957.28708,174.9,83.15453752,17628.46282,0.088888889,83.22810906
3824,23.845,28.3775,9.065,16501.16641,0.225,27.88917428,23862.80701,174.8,83.35392839,20013.40809,0.078431373,83.12970685
3865,23.81,28.295,8.97,16263.99846,0.2,28.00788553,23978.66831,212.2,83.27281806,15309.43896,0.026315789,82.91553846
3866,24.5225,28.79810511,8.551210214,15082.02682,0.25,28.55871821,22662.63155,221.8,78.79657692,13759.58383,0.181818182,79.08681329
3881,24.4675,28.77435786,8.613715726,15128.72763,0.25,28.57593047,22776.29838,239.9,78.76491249,15245.73459,0.162162162,79.15149408
3882,24.5325,28.9219472,8.778894401,15221.05988,0.225,28.51565692,22515.62273,243.1,79.10161833,17226.78135,0.166666667,79.21199147
3883,24.5325,28.9219472,8.778894401,15221.05988,0.225,28.51565692,22515.62273,243.1,79.10161833,16857.47393,0.170731707,79.13928643
3890,23.81,28.2775,8.935,16227.13316,0.175,28.02314595,24041.32593,292.2,83.19686759,12867.44249,0,82.93103959
4666,24.4675,28.77435786,8.613715726,15128.72763,0.25,28.57593047,22776.29838,239.9,78.76491249,18738.60748,0.170212766,79.75118375
4667,24.5225,28.79810511,8.551210214,15082.02682,0.25,28.55871821,22662.63155,221.8,78.79657692,13759.58383,0.181818182,79.08681329
3915,23.875,28.3575,8.965,16278.38991,0.2,27.98908582,23852.6188,293.9,83.32578004,14191.95616,0.028571429,82.85614203
3932,24.5325,28.9219472,8.778894401,15221.05988,0.225,28.51565692,22515.62273,243.1,79.10161833,14249.00905,0.176470588,78.92312378
3935,24.5325,28.9219472,8.778894401,15221.05988,0.225,28.51565692,22515.62273,243.1,79.10161833,14968.58043,0.194444444,79.02979078
3943,23.865,28.285,8.84,16049.1058,0.2,28.01213788,24076.29156,293.9,83.20893831,15739.58338,0.025641026,82.89421562
3944,23.83,28.37,9.08,16491.428,0.225,27.90173463,23779.6156,190.2,83.34156232,14559.37931,0.027777778,82.85564706
3946,24.4675,28.77435786,8.613715726,15128.72763,0.25,28.57593047,22776.29838,239.9,78.76491249,13308.86406,0.15625,79.11566797
3957,23.875,28.3575,8.965,16278.38991,0.2,27.98908582,23852.6188,293.9,83.32578004,13745.03001,0,82.89165719
3960,23.865,28.285,8.84,16049.1058,0.2,28.01213788,24076.29156,293.9,83.20893831,12163.78449,0,83.03291358
3963,24.55,28.9119472,8.723894401,15147.76289,0.2,28.54071132,22528.93901,247.9,79.04195691,14710.83462,0.2,78.90990203
4153,23.83,28.37,9.08,16491.428,0.225,27.90173463,23779.6156,190.2,83.34156232,15403.89488,0.052631579,82.83571068
4155,23.875,28.3575,8.965,16278.38991,0.2,27.98908582,23852.6188,293.9,83.32578004,13330.49983,0,82.89733897
4156,23.845,28.3775,9.065,16501.16641,0.225,27.88917428,23862.80701,174.8,83.35392839,16152.33199,0.073170732,83.02150095
4157,23.725,28.29,9.13,16504.56336,0.225,27.83341059,23873.69006,175.6,83.21181423,17745.0613,0.088888889,83.16872752
4158,23.845,28.3775,9.065,16501.16641,0.225,27.88917428,23862.80701,174.8,83.35392839,16152.33199,0.073170732,83.02150095
4159,23.865,28.285,8.84,16049.1058,0.2,28.01213788,24076.29156,293.9,83.20893831,15739.58338,0.025641026,82.89421562
4163,24.4725,28.8734267,8.801853402,15320.62838,0.25,28.51793883,22778.46092,239,78.98394956,15607.87644,0.157894737,79.20495686
4164,24.4725,28.8734267,8.801853402,15320.62838,0.25,28.51793883,22778.46092,239,78.98394956,15607.87644,0.157894737,79.20495686
4238,24.4675,28.86810786,8.801215726,15353.37098,0.25,28.53920379,22807.70402,238.7,78.96154613,16557.82182,0.146341463,79.41525799
4243,24.2925,28.7959267,9.006853402,15429.55358,0.25,28.47530777,23213.60652,245.1,78.7384277,15034.95758,0.157894737,79.94458463
4249,23.865,28.285,8.84,16049.1058,0.2,28.01213788,24076.29156,293.9,83.20893831,18252.86224,0.043478261,83.05522124
4291,23.63,28.19,9.12,16404.94614,0.225,27.87478505,23981.99764,168.5,83.13876827,13621.13224,0.057142857,83.18582428
2894,23.635,28.195,9.12,16424.62762,0.225,27.86444022,23957.28708,174.9,83.15453752,15239.45261,0.076923077,83.16523124
4331,24.5375,28.85013476,8.625269522,15197.95813,0.25,28.53383681,22550.01236,216.1,79.0383629,16439.1584,0.175,79.15948896
4332,23.845,28.3775,9.065,16501.16641,0.225,27.88917428,23862.80701,174.8,83.35392839,13267.58196,0.03030303,82.82905439
4333,23.635,28.195,9.12,16424.62762,0.225,27.86444022,23957.28708,174.9,83.15453752,14073.0464,0.055555556,83.18303426
4335,23.635,28.195,9.12,16424.62762,0.225,27.86444022,23957.28708,174.9,83.15453752,11559.76755,0.034482759,82.99736088
4336,24.2925,28.7959267,9.006853402,15429.55358,0.25,28.47530777,23213.60652,245.1,78.7384277,18113.02722,0.173913043,79.95001568
4337,23.66,28.235,9.15,16512.35073,0.25,27.68200864,23801.56245,139,83.14061067,15396.95723,0.1,83.28178373
4352,23.43,28.08,9.3,16597.03254,0.225,27.65163833,23628.04026,127.8,83.16983325,15752.39156,0.097560976,83.20540094
4355,23.485,28.0925,9.215,16468.35355,0.225,27.66197044,23670.08118,143.1,83.19798817,16402.90209,0.093023256,83.21060747
4362,24.1825,28.6159267,8.866853402,16427.74513,0.225,28.54590045,23961.04344,168.5,78.4771731,16000.33341,0.097560976,80.05494975
4375,24.1875,28.6571767,8.939353402,15355.27158,0.275,28.54036526,23476.86292,214.1,78.52183436,14875.42141,0.184210526,80.09579399
4380,24.4525,28.8809267,8.856853402,15301.82411,0.275,28.53094968,23027.94772,237.7,78.81800081,13505.75806,0.181818182,79.27759271
4381,23.635,28.195,9.12,16424.62762,0.225,27.86444022,23957.28708,174.9,83.15453752,15239.45261,0.076923077,83.16523124
4382,23.63,28.19,9.12,16404.94614,0.225,27.87478505,23981.99764,168.5,83.13876827,17483.02016,0.088888889,83.20983009
4383,23.66,28.235,9.15,16512.35073,0.25,27.68200864,23801.56245,139,83.14061067,14366.17659,0.108108108,83.28826626
4384,23.8,28.325,9.05,16403.47834,0.2,27.97604587,23934.26995,212.6,83.2777772,14454.38311,0.027777778,82.94115982
4386,23.83,28.37,9.08,16491.428,0.225,27.90173463,23779.6156,190.2,83.34156232,14159.00938,0.028571429,82.83377761
4387,23.83,28.37,9.08,16491.428,0.225,27.90173463,23779.6156,190.2,83.34156232,14559.37931,0.027777778,82.85564706
4388,23.48645759,28.64645759,10.32,16693.86706,0.15,29.004636,23944.43519,309,80.89455886,14840.00375,0.138888889,80.78721091
4389,24.75,29.02482104,8.549642083,14874.73422,0.175,28.57362886,22423.28682,262.5,79.05510734,17211.10762,0.195121951,78.92122208
4392,24.2925,28.7959267,9.006853402,15429.55358,0.25,28.47530777,23213.60652,245.1,78.7384277,15350.20067,0.179487179,80.04722447
4431,24.4675,28.9084267,8.881853402,15416.87624,0.25,28.53580141,22871.44259,248.5,78.92337313,15557.37489,0.157894737,79.28927767
4432,23.52612442,28.63612442,10.22,16849.98028,0.125,28.95901285,23662.79025,334.2,80.91677494,17244.34877,0.12195122,80.77611791
4433,24.07795115,28.65326999,9.150637676,15080.60874,0.15,27.69759146,24043.76699,244.7,79.06145392,11489.24753,0.21875,81.2689493
4435,24.5225,28.79810511,8.551210214,15082.02682,0.25,28.55871821,22662.63155,221.8,78.79657692,17225.25422,0.166666667,79.25371367
4436,24.5325,28.9219472,8.778894401,15221.05988,0.225,28.51565692,22515.62273,243.1,79.10161833,16542.69617,0.175,79.05190857
4437,24.4725,28.8734267,8.801853402,15320.62838,0.25,28.51793883,22778.46092,239,78.98394956,16592.3578,0.146341463,79.47422868
4438,24.4675,28.77435786,8.613715726,15128.72763,0.25,28.57593047,22776.29838,239.9,78.76491249,17147.13705,0.142857143,79.29007783
4440,24.1375,28.5934267,8.911853402,15174.77123,0.275,28.43317975,23796.33502,239,78.63161833,12680.66964,0.181818182,80.21323327
4441,24.72,29.0006972,8.561394401,14957.98727,0.175,28.53268923,22419.07821,262.5,79.10406635,17137.74336,0.195121951,78.95068676
4443,24.4725,28.8734267,8.801853402,15320.62838,0.25,28.51793883,22778.46092,239,78.98394956,17571.94948,0.181818182,79.71821559
4444,24.645,28.9631972,8.636394401,14943.57503,0.175,28.53058579,22447.11748,262.5,79.05160755,21060.40559,0.173076923,79.51403431
4445,24.845,29.06476394,8.439527888,14845.46189,0.15,28.60568877,22319.7905,330.5,78.95513232,21579.56053,0.173076923,79.09904844
4500,24.91,29.09470102,8.369402037,14700.19551,0.15,28.64370101,22426.51975,324.6,78.92045178,22647.77349,0.163636364,79.18925545
4503,24.5225,28.79810511,8.551210214,15082.02682,0.25,28.55871821,22662.63155,221.8,78.79657692,20340.71894,0.176470588,79.7712827
4505,24.96,29.10095102,8.281902037,14653.70052,0.15,28.62467706,22321.43865,325.1,78.97324745,22784.70608,0.163636364,79.07454256
4508,24.4675,28.77435786,8.613715726,15128.72763,0.25,28.57593047,22776.29838,239.9,78.76491249,20678.77653,0.153846154,79.72238566
4509,24.4675,28.77435786,8.613715726,15128.72763,0.25,28.57593047,22776.29838,239.9,78.76491249,21081.97397,0.150943396,79.72722907
4511,24.4725,28.8734267,8.801853402,15320.62838,0.25,28.51793883,22778.46092,239,78.98394956,17571.94948,0.181818182,79.71821559
4537,24.4675,28.86810786,8.801215726,15353.37098,0.25,28.53920379,22807.70402,238.7,78.96154613,15099.35444,0.162162162,79.24399539
4538,24.4675,28.86810786,8.801215726,15353.37098,0.25,28.53920379,22807.70402,238.7,78.96154613,2996.360343,0.142857143,77.61407395
4541,24.75,29.02482104,8.549642083,14874.73422,0.175,28.57362886,22423.28682,262.5,79.05510734,22695.20799,0.178571429,79.51268461
4543,24.5325,28.9219472,8.778894401,15221.05988,0.225,28.51565692,22515.62273,243.1,79.10161833,21638.9829,0.166666667,79.58977174
4544,24.4525,28.8809267,8.856853402,15301.82411,0.275,28.53094968,23027.94772,237.7,78.81800081,14274.25079,0.171428571,79.34198969
4546,24.5225,28.79810511,8.551210214,15082.02682,0.25,28.55871821,22662.63155,221.8,78.79657692,16779.72485,0.170731707,79.27346891
4547,24.4525,28.8809267,8.856853402,15301.82411,0.275,28.53094968,23027.94772,237.7,78.81800081,13875.06549,0.176470588,79.36333699
4548,24.4525,28.8809267,8.856853402,15301.82411,0.275,28.53094968,23027.94772,237.7,78.81800081,14719.78016,0.166666667,79.31703856
4556,24.4525,28.8809267,8.856853402,15301.82411,0.275,28.53094968,23027.94772,237.7,78.81800081,13875.06549,0.176470588,79.36333699
4571,24.4675,28.78685786,8.638715726,15224.7496,0.25,28.55823505,22784.94984,235.5,78.88295035,15479.60758,0.157894737,79.27858906
4574,24.4675,28.78685786,8.638715726,15224.7496,0.25,28.55823505,22784.94984,235.5,78.88295035,14795.5224,0.166666667,79.10441904
4596,24.4525,28.8809267,8.856853402,15301.82411,0.275,28.53094968,23027.94772,237.7,78.81800081,13875.06549,0.176470588,79.36333699
4600,24.5225,28.79810511,8.551210214,15082.02682,0.25,28.55871821,22662.63155,221.8,78.79657692,14518.15004,0.2,79.10892983
4601,24.5375,28.85013476,8.625269522,15197.95813,0.25,28.53383681,22550.01236,216.1,79.0383629,13830.69353,0.181818182,78.94106132
4602,24.5375,28.85013476,8.625269522,15197.95813,0.25,28.53383681,22550.01236,216.1,79.0383629,13830.69353,0.181818182,78.94106132
4607,24.5325,28.9219472,8.778894401,15221.05988,0.225,28.51565692,22515.62273,243.1,79.10161833,16542.69617,0.175,79.05190857
4608,24.2325,28.6859267,8.906853402,15322.65155,0.25,28.52682179,23404.9477,245.1,78.58738264,15697.3517,0.175,80.1948358
4609,24.5225,28.79810511,8.551210214,15082.02682,0.25,28.55871821,22662.63155,221.8,78.79657692,16380.53954,0.175,79.28990109
4625,24.1875,28.6571767,8.939353402,15355.27158,0.275,28.54036526,23476.86292,214.1,78.52183436,15609.70137,0.175,80.13176215
4627,24.5375,28.85013476,8.625269522,15197.95813,0.25,28.53383681,22550.01236,216.1,79.0383629,16124.38064,0.179487179,79.07038866
4630,24.5225,28.79810511,8.551210214,15082.02682,0.25,28.55871821,22662.63155,221.8,78.79657692,14122.33862,0.205882353,79.11073148
4631,24.5325,28.9219472,8.778894401,15221.05988,0.225,28.51565692,22515.62273,243.1,79.10161833,15800.24485,0.184210526,78.9979402
4632,24.5375,28.85013476,8.625269522,15197.95813,0.25,28.53383681,22550.01236,216.1,79.0383629,15735.53097,0.184210526,79.05190817
4635,24.605,28.9494472,8.688894401,15050.73793,0.2,28.52874957,22467.56048,246.7,79.05559148,15907.02326,0.210526316,78.9932112
4636,24.4675,28.78685786,8.638715726,15224.7496,0.25,28.55823505,22784.94984,235.5,78.88295035,16324.32226,0.15,79.24115787
4638,24.4675,28.77435786,8.613715726,15128.72763,0.25,28.57593047,22776.29838,239.9,78.76491249,15245.73459,0.162162162,79.15149408
4639,24.1775,28.6446767,8.934353402,15207.064,0.275,28.50436542,23722.31975,214.1,78.5136013,14311.32933,0.189189189,80.29926351
4641,24.1825,28.6159267,8.866853402,15241.3287,0.275,28.54590045,23601.26368,214.1,78.4771731,17490.80043,0.2,80.0331148
4643,24.4675,28.77435786,8.613715726,15128.72763,0.25,28.57593047,22776.29838,239.9,78.76491249,15245.73459,0.162162162,79.15149408
4644,24.1875,28.6571767,8.939353402,15355.27158,0.275,28.54036526,23476.86292,214.1,78.52183436,12866.83924,0.15625,79.54005627
4645,23.635,28.2225,9.175,16632.03131,0.25,27.79884956,23941.85212,138.6,83.08208436,15438.34629,0.1,83.32792677
4647,24.2325,28.6859267,8.906853402,15322.65155,0.25,28.52682179,23404.9477,245.1,78.58738264,13561.46147,0.147058824,79.78609
4650,24.1875,28.6571767,8.939353402,15355.27158,0.275,28.54036526,23476.86292,214.1,78.52183436,15243.87958,0.179487179,80.19474955
4651,24.5375,28.85013476,8.625269522,15197.95813,0.25,28.53383681,22550.01236,216.1,79.0383629,16808.46583,0.170731707,79.23347455
4652,23.43,28.08,9.3,16597.03254,0.225,27.65163833,23628.04026,127.8,83.16983325,14105.22027,0.111111111,83.14760027
4653,24.2325,28.6859267,8.906853402,15322.65155,0.25,28.52682179,23404.9477,245.1,78.58738264,16515.19564,0.166666667,79.99222247
4654,24.1325,28.5846767,8.904353402,15154.32495,0.275,28.38020324,23775.15116,239,78.67060047,14215.08853,0.162162162,80.10903113
4655,24.08559939,28.51152609,8.851853402,15010.43899,0.275,28.3771233,23864.02633,249.3,78.58628039,19578.07944,0.176470588,80.17362829
4657,24.1375,28.5934267,8.911853402,15174.77123,0.275,28.43317975,23796.33502,239,78.63161833,20359.51822,0.188679245,80.18298296
4658,24.2925,28.7959267,9.006853402,15429.55358,0.25,28.47530777,23213.60652,245.1,78.7384277,15767.31241,0.175,80.05194394
4659,24.08559939,28.51152609,8.851853402,15010.43899,0.275,28.3771233,23864.02633,249.3,78.58628039,12684.80077,0.151515152,80.31468814
4660,24.4675,28.78685786,8.638715726,15224.7496,0.25,28.55823505,22784.94984,235.5,78.88295035,16696.92485,0.146341463,79.25212373
4661,24.4525,28.8809267,8.856853402,15301.82411,0.275,28.53094968,23027.94772,237.7,78.81800081,15704.26152,0.153846154,79.59149752
4663,24.1925,28.6334267,8.881853402,15123.25457,0.275,28.46804976,23832.89625,220.9,78.59769541,13090.77437,0.205882353,80.17659491
4665,24.1825,28.6159267,8.866853402,15241.3287,0.275,28.54590045,23601.26368,214.1,78.4771731,17078.79262,0.181818182,80.03730179
4668,24.2925,28.7959267,9.006853402,15429.55358,0.25,28.47530777,23213.60652,245.1,78.7384277,15767.31241,0.175,80.05194394
4669,24.1325,28.5846767,8.904353402,15154.32495,0.275,28.38020324,23775.15116,239,78.67060047,14618.28597,0.157894737,80.10561152
4670,24.1775,28.6446767,8.934353402,15207.064,0.275,28.50436542,23722.31975,214.1,78.5136013,15465.92848,0.175,80.1035026
4671,24.5225,28.79810511,8.551210214,15082.02682,0.25,28.55871821,22662.63155,221.8,78.79657692,17839.00692,0.159090909,79.44531345
4672,24.1775,28.6446767,8.934353402,15207.064,0.275,28.50436542,23722.31975,214.1,78.5136013,16288.58598,0.19047619,80.06525363
4673,24.2925,28.7959267,9.006853402,15429.55358,0.25,28.47530777,23213.60652,245.1,78.7384277,13758.73024,0.147058824,79.52115844
4674,23.8996713,28.448098,9.096853402,15308.90386,0.2,28.32424402,23880.28571,271.1,78.58282457,14484.52787,0.210526316,80.24333442
4675,24.4725,28.8734267,8.801853402,15320.62838,0.25,28.51793883,22778.46092,239,78.98394956,14763.16177,0.166666667,79.2424564
2952,24.4725,28.8734267,8.801853402,15320.62838,0.25,28.51793883,22778.46092,239,78.98394956,17571.94948,0.181818182,79.71821559
2737,24.4675,28.86810786,8.801215726,15353.37098,0.25,28.53920379,22807.70402,238.7,78.96154613,15944.06911,0.153846154,79.20737846
2837,24.4675,28.86810786,8.801215726,15353.37098,0.25,28.53920379,22807.70402,238.7,78.96154613,16557.82182,0.146341463,79.41525799
2915,24.4725,28.8734267,8.801853402,15320.62838,0.25,28.51793883,22778.46092,239,78.98394956,17571.94948,0.181818182,79.71821559
2899,24.4725,28.8734267,8.801853402,15320.62838,0.25,28.51793883,22778.46092,239,78.98394956,17256.70639,0.162790698,79.61985925
2909,24.1875,28.6571767,8.939353402,15355.27158,0.275,28.54036526,23476.86292,214.1,78.52183436,16061.72351,0.170731707,79.98719864
2914,24.4525,28.8809267,8.856853402,15301.82411,0.275,28.53094968,23027.94772,237.7,78.81800081,16683.85319,0.19047619,79.83872651
2926,24.4525,28.8809267,8.856853402,15301.82411,0.275,28.53094968,23027.94772,237.7,78.81800081,16683.85319,0.19047619,79.83872651
2936,24.1925,28.6334267,8.881853402,15123.25457,0.275,28.46804976,23832.89625,220.9,78.59769541,18427.7493,0.229166667,80.11210476
2941,24.4525,28.8809267,8.856853402,15301.82411,0.275,28.53094968,23027.94772,237.7,78.81800081,15333.53286,0.157894737,79.53555805
2835,24.3625,28.7809267,8.836853402,15270.45204,0.25,28.48845972,23140.45692,246.5,78.79402933,16614.58589,0.166666667,79.99542676
3282,24.5375,28.85013476,8.625269522,15197.95813,0.25,28.53383681,22550.01236,216.1,79.0383629,17653.1805,0.162790698,79.20075319
3285,24.1925,28.6334267,8.881853402,15123.25457,0.275,28.46804976,23832.89625,220.9,78.59769541,18427.7493,0.229166667,80.11210476
3286,24.2925,28.7959267,9.006853402,15429.55358,0.25,28.47530777,23213.60652,245.1,78.7384277,19692.64363,0.2,79.9314144
3287,24.5325,28.9219472,8.778894401,15221.05988,0.225,28.51565692,22515.62273,243.1,79.10161833,14968.58043,0.194444444,79.02979078
3290,24.1775,28.6446767,8.934353402,15207.064,0.275,28.50436542,23722.31975,214.1,78.5136013,16288.58598,0.19047619,80.06525363
3291,24.2925,28.7959267,9.006853402,15429.55358,0.25,28.47530777,23213.60652,245.1,78.7384277,19692.64363,0.2,79.9314144
3306,24.4675,28.77435786,8.613715726,15128.72763,0.25,28.57593047,22776.29838,239.9,78.76491249,15929.81978,0.153846154,79.31878411
3307,24.1925,28.6334267,8.881853402,15123.25457,0.275,28.46804976,23832.89625,220.9,78.59769541,17759.32297,0.239130435,80.03343325
3308,24.4675,28.86810786,8.801215726,15353.37098,0.25,28.53920379,22807.70402,238.7,78.96154613,16928.55047,0.142857143,79.47006607
3309,24.5375,28.85013476,8.625269522,15197.95813,0.25,28.53383681,22550.01236,216.1,79.0383629,14946.07632,0.194444444,79.04969325
3310,24.4675,28.86810786,8.801215726,15353.37098,0.25,28.53920379,22807.70402,238.7,78.96154613,16928.55047,0.142857143,79.47006607
3325,24.55,28.9119472,8.723894401,15147.76289,0.2,28.54071132,22528.93901,247.9,79.04195691,13908.2216,0.212121212,78.89672858
839,24.4725,28.8734267,8.801853402,15320.62838,0.25,28.51793883,22778.46092,239,78.98394956,14393.85435,0.171428571,79.15815806
785,24.2325,28.6859267,8.906853402,15322.65155,0.25,28.52682179,23404.9477,245.1,78.58738264,19580.3304,0.22,79.98272141
789,24.2925,28.7959267,9.006853402,15429.55358,0.25,28.47530777,23213.60652,245.1,78.7384277,15350.20067,0.179487179,80.04722447
3829,24.5375,28.85013476,8.625269522,15197.95813,0.25,28.53383681,22550.01236,216.1,79.0383629,13461.2569,0.1875,78.87988154
4299,24.4675,28.77435786,8.613715726,15128.72763,0.25,28.57593047,22776.29838,239.9,78.76491249,15929.81978,0.153846154,79.31878411
4385,24.4675,28.77435786,8.613715726,15128.72763,0.25,28.57593047,22776.29838,239.9,78.76491249,16329.00508,0.15,79.30121904
4429,24.05731234,28.57735689,9.040089102,15045.21302,0.175,28.06990975,24106.37594,288.4,78.76082139,9692.44541,0.230769231,80.60564245
4430,23.9757306,28.4579073,8.964353402,15084.91558,0.25,28.34459731,23913.34119,246.4,78.55430828,14979.05559,0.179487179,80.12931778
3123,24.4675,28.78685786,8.638715726,15224.7496,0.25,28.55823505,22784.94984,235.5,78.88295035,15479.60758,0.157894737,79.27858906
3232,24.4675,28.78685786,8.638715726,15224.7496,0.25,28.55823505,22784.94984,235.5,78.88295035,16696.92485,0.146341463,79.25212373
3236,24.4675,28.78685786,8.638715726,15224.7496,0.25,28.55823505,22784.94984,235.5,78.88295035,17308.80362,0.139534884,79.49537977
3251,24.605,28.9494472,8.688894401,15050.73793,0.2,28.52874957,22467.56048,246.7,79.05559148,15187.45189,0.194444444,78.89043794
3252,24.02077635,28.47045305,8.899353402,15055.49964,0.275,28.35139144,23870.97315,252.6,78.56124041,15399.83325,0.175,80.12858226
3255,24.4675,28.86810786,8.801215726,15353.37098,0.25,28.53920379,22807.70402,238.7,78.96154613,16928.55047,0.142857143,79.47006607
3256,24.4525,28.8809267,8.856853402,15301.82411,0.275,28.53094968,23027.94772,237.7,78.81800081,16034.5005,0.15,79.67142804
3257,24.4525,28.8809267,8.856853402,15301.82411,0.275,28.53094968,23027.94772,237.7,78.81800081,16034.5005,0.15,79.67142804
3260,24.4525,28.8809267,8.856853402,15301.82411,0.275,28.53094968,23027.94772,237.7,78.81800081,16034.5005,0.15,79.67142804
3261,24.4675,28.9084267,8.881853402,15416.87624,0.25,28.53580141,22871.44259,248.5,78.92337313,15184.77229,0.162162162,79.27842686
3263,24.4675,28.9084267,8.881853402,15416.87624,0.25,28.53580141,22871.44259,248.5,78.92337313,15184.77229,0.162162162,79.27842686
3264,24.4675,28.9084267,8.881853402,15416.87624,0.25,28.53580141,22871.44259,248.5,78.92337313,15184.77229,0.162162162,79.27842686
3266,24.4675,28.9084267,8.881853402,15416.87624,0.25,28.53580141,22871.44259,248.5,78.92337313,15798.525,0.153846154,79.49332337
3281,24.2925,28.7959267,9.006853402,15429.55358,0.25,28.47530777,23213.60652,245.1,78.7384277,16501.59237,0.166666667,80.08828743
2617,23.9757306,28.4579073,8.964353402,15084.91558,0.25,28.34459731,23913.34119,246.4,78.55430828,12991.1694,0.147058824,80.17062183
3294,23.9757306,28.4579073,8.964353402,15084.91558,0.25,28.34459731,23913.34119,246.4,78.55430828,11836.57025,0.161290323,80.41076736
3295,24.75,29.02482104,8.549642083,14874.73422,0.175,28.57362886,22423.28682,262.5,79.05510734,15688.92323,0.189189189,78.80619778
3022,24.2325,28.6859267,8.906853402,15322.65155,0.25,28.52682179,23404.9477,245.1,78.58738264,9125.221796,0.181818182,79.32781266
3170,24.1325,28.5846767,8.904353402,15154.32495,0.275,28.38020324,23775.15116,239,78.67060047,15369.67193,0.175,80.08556227
3187,24.2925,28.7959267,9.006853402,15429.55358,0.25,28.47530777,23213.60652,245.1,78.7384277,16135.77057,0.170731707,80.14714192
3210,24.4675,28.9084267,8.881853402,15416.87624,0.25,28.53580141,22871.44259,248.5,78.92337313,16499.49264,0.146341463,79.62793969
3233,24.4675,28.77435786,8.613715726,15128.72763,0.25,28.57593047,22776.29838,239.9,78.76491249,11737.72918,0.178571429,78.97977245
3234,24.1825,28.6159267,8.866853402,15241.3287,0.275,28.54590045,23601.26368,214.1,78.4771731,5473.239819,0.307692308,78.97831093
3235,24.1825,28.6159267,8.866853402,15241.3287,0.275,28.54590045,23601.26368,214.1,78.4771731,16746.86671,0.186046512,80.01984856
3239,24.4675,28.86810786,8.801215726,15353.37098,0.25,28.53920379,22807.70402,238.7,78.96154613,16928.55047,0.142857143,79.47006607
3240,23.605,28.185,9.16,16499.6405,0.225,27.83514975,23989.17935,172.6,83.0613587,14265.30019,0.081081081,83.22601349
3241,24.4675,28.86810786,8.801215726,15353.37098,0.25,28.53920379,22807.70402,238.7,78.96154613,16557.82182,0.146341463,79.41525799
3242,23.605,28.185,9.16,16499.6405,0.225,27.83514975,23989.17935,172.6,83.0613587,14265.30019,0.081081081,83.22601349
3243,23.605,28.185,9.16,16499.6405,0.225,27.83514975,23989.17935,172.6,83.0613587,14265.30019,0.081081081,83.22601349
3247,24.2325,28.6859267,8.906853402,15322.65155,0.25,28.52682179,23404.9477,245.1,78.58738264,14911.7818,0.184210526,80.09479915
3248,24.2325,28.6859267,8.906853402,15322.65155,0.25,28.52682179,23404.9477,245.1,78.58738264,14911.7818,0.184210526,80.09479915
3249,24.1925,28.6334267,8.881853402,15123.25457,0.275,28.46804976,23832.89625,220.9,78.59769541,15853.60092,0.195121951,80.04544375
3250,24.2925,28.7959267,9.006853402,15429.55358,0.25,28.47530777,23213.60652,245.1,78.7384277,16135.77057,0.170731707,80.14714192
3253,24.1925,28.6334267,8.881853402,15123.25457,0.275,28.46804976,23832.89625,220.9,78.59769541,15853.60092,0.195121951,80.04544375
3254,24.02077635,28.47045305,8.899353402,15055.49964,0.275,28.35139144,23870.97315,252.6,78.56124041,16808.75293,0.204545455,80.18225959
3258,24.4675,28.86810786,8.801215726,15353.37098,0.25,28.53920379,22807.70402,238.7,78.96154613,15498.53974,0.157894737,79.22747397
3259,24.4675,28.86810786,8.801215726,15353.37098,0.25,28.53920379,22807.70402,238.7,78.96154613,15498.53974,0.157894737,79.22747397
3262,24.4675,28.86810786,8.801215726,15353.37098,0.25,28.53920379,22807.70402,238.7,78.96154613,15498.53974,0.157894737,79.22747397
3265,24.4675,28.86810786,8.801215726,15353.37098,0.25,28.53920379,22807.70402,238.7,78.96154613,17258.78945,0.139534884,79.54724403
3292,24.1325,28.5846767,8.904353402,15154.32495,0.275,28.38020324,23775.15116,239,78.67060047,16617.36243,0.209302326,80.034993
3293,24.5325,28.9219472,8.778894401,15221.05988,0.225,28.51565692,22515.62273,243.1,79.10161833,17226.78135,0.166666667,79.21199147
3302,24.5325,28.9219472,8.778894401,15221.05988,0.225,28.51565692,22515.62273,243.1,79.10161833,17226.78135,0.166666667,79.21199147
3303,23.625,28.165,9.08,16427.74513,0.225,27.86789843,23961.04344,168.5,83.15757955,15540.15362,0.1,83.21352014
3304,24.1925,28.6334267,8.881853402,15123.25457,0.275,28.46804976,23832.89625,220.9,78.59769541,16597.53463,0.209302326,80.05813655
3305,24.55,28.9119472,8.723894401,15147.76289,0.2,28.54071132,22528.93901,247.9,79.04195691,17004.52174,0.195121951,79.03748062
3311,24.4525,28.8809267,8.856853402,15301.82411,0.275,28.53094968,23027.94772,237.7,78.81800081,16683.85319,0.19047619,79.83872651
3157,24.1925,28.6334267,8.881853402,15123.25457,0.275,28.46804976,23832.89625,220.9,78.59769541,15853.60092,0.195121951,80.04544375
3159,24.4675,28.86810786,8.801215726,15353.37098,0.25,28.53920379,22807.70402,238.7,78.96154613,16557.82182,0.146341463,79.41525799
3165,23.575,28.1675,9.185,16473.01246,0.25,27.66867245,23730.63718,143.1,83.17314381,15705.5983,0.097560976,83.28757008
3145,24.4675,28.78685786,8.638715726,15224.7496,0.25,28.55823505,22784.94984,235.5,78.88295035,16938.07496,0.142857143,79.44247935
3147,24.4675,28.78685786,8.638715726,15224.7496,0.25,28.55823505,22784.94984,235.5,78.88295035,17639.0426,0.136363636,79.57022837
3164,24.08559939,28.51152609,8.851853402,15010.43899,0.275,28.3771233,23864.02633,249.3,78.58628039,16567.77947,0.209302326,80.04017086
3146,24.4675,28.9084267,8.881853402,15416.87624,0.25,28.53580141,22871.44259,248.5,78.92337313,15184.77229,0.162162162,79.27842686
3148,24.1375,28.5934267,8.911853402,15174.77123,0.275,28.43317975,23796.33502,239,78.63161833,15024.03614,0.153846154,80.10959493
3158,24.3625,28.7809267,8.836853402,15270.45204,0.25,28.48845972,23140.45692,246.5,78.79402933,16614.58589,0.166666667,79.99542676
3160,24.4675,28.77435786,8.613715726,15128.72763,0.25,28.57593047,22776.29838,239.9,78.76491249,17147.13705,0.142857143,79.29007783
3161,24.4675,28.86810786,8.801215726,15353.37098,0.25,28.53920379,22807.70402,238.7,78.96154613,15498.53974,0.157894737,79.22747397
3171,24.4675,28.86810786,8.801215726,15353.37098,0.25,28.53920379,22807.70402,238.7,78.96154613,15498.53974,0.157894737,79.22747397
